"dwc.scientificName","freq"
"Nocomis leptocephalus",2245
"Lepomis auritus",1729
"Lepomis macrochirus",1727
"Aphredoderus sayanus",1616
"Gambusia holbrooki",1457
"Semotilus atromaculatus",1371
"Etheostoma sp. (cf. olmstedi",1320
"Clinostomus funduloides",1317
"Campostoma anomalum",1259
"Noturus insignis",1237
"Notemigonus crysoleucas",1209
"Anguilla rostrata",1201
"Hypentelium nigricans",1131
"Enneacanthus gloriosus",1127
"Micropterus salmoides",1111
"Erimyzon oblongus",1083
"Cyprinella analostana",1077
"Etheostoma sp. (cf. nigrum/olmstedi",1013
"Esox americanus",987
"Lepomis gulosus",936
"Lepomis gibbosus",885
"Notropis procne",876
"Luxilus albeolus",870
"Notropis altipinnis",837
"Catostomus commersonii",810
"Notropis hudsonius",799
"Notropis chiliticus",760
"Luxilus coccogenis",754
"Esox niger",750
"Ameiurus natalis",713
"Notropis cummingsae",711
"Rhinichthys obtusus",665
"Moxostoma collapsum",648
"Notropis scepticus",647
"Nocomis micropogon",620
"Umbra pygmaea",614
"Cyprinella galactura",596
"Ameiurus platycephalus",572
"Lepomis cyanellus",568
"Etheostoma serrifer",567
"Noturus gyrinus",562
"Notropis leuciodus",549
"Etheostoma fusiforme",545
"Percina crassa",538
"Hybopsis hypsinotus",533
"Centrarchus macropterus",522
"Anchoa mitchilli",470
"Notropis petersoni",465
"Hybognathus regius",447
"Moxostoma rupiscartes",445
"Percina roanoka",435
"Etheostoma brevispinum",422
"Notropis amoenus",420
"Rhinichthys cataractae",413
"Cyprinella pyrrhomelas",405
"Notropis spectrunculus",400
"Acantharchus pomotis",394
"Moxostoma sp. Brassy Jumprock",392
"Notropis rubricroceus",377
"Lepomis marginatus",375
"Brevoortia tyrannus",372
"Alosa aestivalis",370
"Etheostoma sp. (cf. flabellare--Roa'k.-Susq.",365
"Luxilus cerasinus",363
"Notropis alborus",356
"Notropis chalybaeus",343
"Chrosomus oreas",341
"Elassoma zonatum",339
"Cyprinella nivea",329
"Etheostoma blennioides",325
"Micropterus dolomieu",322
"Moxostoma duquesnei",317
"Ameiurus brunneus",314
"Moxostoma pappillosum",313
"Erimyzon sucetta",311
"Etheostoma olmstedi",308
"Lythrurus ardens",304
"Ameiurus nebulosus",300
"Cottus sp. (bairdii complex",293
"Pomoxis nigromaculatus",287
"Fundulus rathbuni",284
"Fundulus lineolatus",282
"Notropis chlorocephalus",278
"Lythrurus matutinus",276
"Perca flavescens",275
"Notropis sp. (cf. lutipinnis--Congaree Basin",272
"Ameiurus catus",269
"Alosa sapidissima",268
"Percina nevisense",266
"Ambloplites rupestris",262
"Hybopsis amblops",262
"Minytrema melanops",261
"Chologaster cornuta",258
"Lepomis microlophus",256
"Cyprinella chloristia",249
"Dorosoma cepedianum",249
"Notropis telescopus",248
"Enneacanthus obesus",227
"Etheostoma vitreum",223
"Leiostomus xanthurus",219
"Alosa pseudoharengus",218
"Percina evides",216
"Moxostoma erythrurum",215
"Stephanolepis hispidus",213
"Fundulus heteroclitus",212
"Nocomis raneyi",209
"Cyprinella spiloptera",208
"Pimephales notatus",208
"Luxilus chrysocephalus",205
"Etheostoma sp. (cf. flabellare--Pee Dee-Tar",204
"Etheostoma zonale",203
"Caranx crysos",202
"Hypentelium roanokense",195
"Etheostoma swannanoa",192
"Notropis photogenis",192
"Micropogonias undulatus",191
"Etheostoma thalassinum",189
"Ichthyomyzon greeleyi",189
"Enneacanthus chaetodon",188
"Etheostoma rufilineatum",188
"Etheostoma chlorobranchium",187
"Cottus bairdii",182
"Ictalurus punctatus",182
"Lepisosteus osseus",179
"Oncorhynchus mykiss",179
"Moxostoma macrolepidotum",175
"Etheostoma sp. (cf. flabellare--Upper Kanawha",170
"Notropis lutipinnis",169
"Lagodon rhomboides",165
"Menidia beryllina",165
"Notropis volucellus",163
"Moxostoma cervinum",161
"Etheostoma flabellare",156
"Etheostoma collis lepidinion",155
"Anchoa hepsetus",151
"Lepomis punctatus",148
"Ariosoma balearicum",147
"Etheostoma caeruleum",144
"Trinectes maculatus",144
"Gobiesox strumosus",143
"Morone americana",141
"Menidia menidia",140
"Mugil cephalus",139
"Cyprinella labrosa",138
"Labidesthes vanhyningi",137
"Amia calva",136
"Fundulus diaphanus",135
"Opsanus tau",135
"Balistes capriscus",133
"Percina nigrofasciata",132
"Paraconger caudilimbatus",131
"Etheostoma nigrum",130
"Urophycis regia",130
"Bairdiella chrysoura",129
"Cyclothone sp.",129
"Salmo trutta",129
"Lepomis megalotis",120
"Membras martinica",118
"Cyprinella zanema",116
"Fundulus majalis",116
"Etheostoma sp. (cf. flabellare--upper TN",114
"Etheostoma kanawhae",113
"Percina caprodes",113
"Bothus sp.",111
"Luxilus cornutus",110
"Notropis sp. (cf. rubellus--Upper Kanawha",110
"Phenacobius crassilabrum",110
"Dorosoma petenense",108
"Rhinichthys atratulus",106
"Heterandria formosa",105
"Mugil curema",105
"Synodus foetens",105
"Paralichthys lethostigma",104
"Pteronotropis stonei",104
"Noturus furiosus",103
"Cottus carolinae",102
"Etheostoma mariae",102
"Micropterus punctulatus",102
"Semotilus lumbee",102
"Nocomis platyrhynchus",101
"Notolychnus valdiviae",101
"Acipenser oxyrinchus",100
"Cyprinella lutrensis",97
"Elassoma evergladei",97
"Notropis maculatus",96
"Ophichthus gomesii",96
"Valenciennellus tripunculatus",95
"Notropis stramineus",94
"Parexocoetus brachypterus",94
"Cyprinodon variegatus",92
"Gambusia affinis",92
"Notropis rubellus",91
"Pylodictis olivaris",91
"Alosa mediocris",90
"Cyclothone alba",88
"Campostoma oligolepis",87
"Fundulus chrysotus",87
"Notropis micropteryx",87
"Rhizoprionodon terraenovae",87
"Caranx sp.",86
"Cynoscion regalis",86
"Myctophidae",86
"Orthopristis chrysoptera",86
"Petromyzon marinus",86
"Exoglossum maxillingua",85
"Lythrurus umbratilis",84
"Diaphus dumerilii",82
"Notropis scabriceps",82
"Chlorophthalmus agassizi",80
"Gymnothorax ocellatus",80
"Labidesthes sicculus",80
"Selene setapinnis",80
"Semotilus corporalis",80
"Lucania parva",79
"Moxostoma robustum",79
"Ophichthidae",79
"Rhynchoconger flavus",79
"Strongylura marina",79
"Cyclothone pseudopallida",78
"Etheostoma podostemone",78
"Lampetra aepyptera",78
"Ericymba buccata",77
"Phenacobius teretulus",77
"Symphurus plagiusa",77
"Cyprinus carpio",76
"Myctophum affine",76
"Cyclothone pallida",75
"Percina gymnocephala",75
"Cyclothone braueri",74
"Etheostoma gutselli",74
"Aluterus schoepfii",72
"Ophidion josephi",72
"Moxostoma sp. Carolina Redhorse",71
"Myrophis punctatus",69
"Polyipnus clarus",69
"Erimystax insignis",68
"Lethenteron appendix",68
"Notropis mekistocholas",67
"Pomatomus saltatrix",67
"Cheilopogon melanurus",65
"Coryphaena hippurus",65
"Lepidophanes guentheri",65
"Opisthonema oglinum",65
"Peprilus triacanthus",65
"Vinciguerria poweriae",65
"Clinostomus sp. Smoky Dace",64
"Helicolenus dactylopterus",64
"Caranx hippos",63
"Noturus leptacanthus",63
"Benthosema suborbitale",62
"Carcharhinus acronotus",62
"Pimephales promelas",62
"Pristigenys alta",62
"Ambloplites cavifrons",60
"Sphyrna lewini",60
"Synagrops bellus",60
"Exoglossum laurae",59
"Hybopsis rubrifrons",59
"Poecilia latipinna",59
"Selene vomer",59
"Opsanus sp.",58
"Aluterus heudelotii",57
"Elops saurus",57
"Gobiosoma bosc",57
"Morone saxatilis",57
"Argyropelecus aculeatus",56
"Etropus crossotus",56
"Menticirrhus americanus",56
"Stenotomus chrysops",56
"Chloroscombrus chrysurus",55
"Elassoma boehlkei",54
"Fundulus olivaceus",54
"Hygophum benoiti",54
"Cyprinella sp. Thinlip Chub",53
"Hygophum taaningi",52
"Paralichthys dentatus",52
"Prionotus carolinus",52
"Benthosema glaciale",51
"Sternoptyx sp.",51
"Chaetodipterus faber",50
"Gonostoma elongatum",50
"Hippocampus erectus",50
"Hoplunnis macrura",50
"Pomoxis annularis",50
"Cyprinella venusta",49
"Diaphus sp.",49
"Etheostoma simoterum",49
"Laemonema barbatulum",49
"Notropis boops",49
"Cynoscion nebulosus",48
"Diogenichthys atlanticus",48
"Hypleurochilus geminatus",48
"Menidia extensa",48
"Salvelinus fontinalis",48
"Sphoeroides sp.",48
"Trachinotus falcatus",48
"Notropis atherinoides",47
"Trichiurus lepturus",47
"Centropristis striata",46
"Prognichthys occidentalis",46
"Seriola sp.",46
"Caranx ruber",45
"Dibranchus atlanticus",45
"Fundulus catenatus",45
"Chauliodus sloani",44
"Hemiramphus brasiliensis",44
"Sternoptyx diaphana",44
"Syngnathus fuscus",44
"Abudefduf saxatilis",43
"Cottus caeruleomentum",43
"Percina aurantiaca",43
"Seriola rivoliana",43
"Syacium sp.",43
"Auxis sp.",42
"Chrosomus erythrogaster",42
"Dactylopterus volitans",42
"Eucinostomus harengulus",42
"Scophthalmus aquosus",42
"Trachinotus carolinus",42
"Chilomycterus schoepfii",41
"Euthynnus alletteratus",41
"Ophichthus puncticeps",41
"Seriola zonata",41
"Sphoeroides maculatus",41
"Tylosurus acus",41
"Etheostoma spectabile",40
"Eucinostomus gula",40
"Larimus fasciatus",40
"Monacanthus ciliatus",40
"Noturus sp. Broadtail Madtom",40
"Syngnathus louisianae",40
"Argyropelecus sp.",39
"Campostoma pullum",39
"Cyclothone acclinidens",39
"Cyclothone microdon",39
"Lutjanus griseus",39
"Menticirrhus saxatilis",39
"Decapterus punctatus",38
"Morone chrysops",38
"Moxostoma ariommum",38
"Opsopoeodus emiliae",38
"Ablennes hians",37
"Carpiodes cyprinus",37
"Echeneis naucrates",37
"Noturus flavus",37
"Sicydium plumieri",37
"Callechelys muraena",36
"Carcharhinus limbatus",36
"Hypsoblennius hentz",36
"Notropis bifrenatus",36
"Scyliorhinus retifer",36
"Carcharhinus brevipinna",35
"Prionotus evolans",35
"Prionotus scitulus",35
"Ameiurus melas",34
"Archosargus probatocephalus",34
"Astroscopus y-graecum",34
"Bagre marinus",34
"Citharichthys spilopterus",34
"Cyprinella whipplei",34
"Decapterus sp.",34
"Etheostoma perlongum",34
"Fundulus waccamensis",34
"Glyptocephalus cynoglossus",34
"Nocomis biguttatus",34
"Sciaenops ocellatus",34
"Seriola dumerili",34
"Bregmaceros sp.",33
"Carpiodes sp. (cf. cyprinus",33
"Ctenogobius boleosoma",33
"Etheostoma inscriptum",33
"Lobotes surinamensis",33
"Pogonias cromis",33
"Scomberomorus maculatus",33
"Urophycis floridana",33
"Vinciguerria nimbaria",33
"Apeltes quadracus",32
"Argyropelecus hemigymnus",32
"Carcharhinus obscurus",32
"Cyclopsetta sp.",32
"Etheostoma fricksium",32
"Mustelus canis",32
"Mycteroperca microlepis",32
"Ophichthus cruentifer",32
"Selar crumenophthalmus",32
"Carcharhinus falciformis",31
"Diaphus mollis",31
"Fenestraja plutonia",31
"Ictalurus furcatus",31
"Maurolicus muelleri",31
"Percina squamata",31
"Rhomboplites aurorubens",31
"Scomberomorus cavalla",31
"Vinciguerria attenuata",31
"Aluterus scriptus",30
"Bregmaceros atlanticus",30
"Carcharhinus plumbeus",30
"Etropus microstomus",30
"Galeocerdo cuvier",30
"Menticirrhus littoralis",30
"Nezumia bairdii",30
"Noturus miurus",30
"Pimephales vigilax",30
"Pollichthys mauli",30
"Priacanthus arenatus",30
"Rachycentron canadum",30
"Centrarchidae hybrid Lepomis auritus x cyanellus?",29
"Centropristis philadelphica",29
"Diodon holocanthus",29
"Etheostoma variatum",29
"Eucinostomus argenteus",29
"Euleptorhamphus velox",29
"Gonostoma atlanticum",29
"Ichthyomyzon bdellium",29
"Myxine glutinosa",29
"Sphyraena barracuda",29
"Ariopsis felis",28
"Coelorinchus caelorhinchus",28
"Moxostoma anisurum",28
"Percina maculata",28
"Percina notogramma",28
"Percina sciera",28
"Thoburnia rhothoeca",28
"Anchoa lyolepis",27
"Ancylopsetta ommata",27
"Congridae",27
"Dasyatis sabina",27
"Gymnothorax sp.",27
"Hirundichthys affinis",27
"Sicydium buscki",27
"Squatina dumeril",27
"Stenotomus caprinus",27
"Syacium papillosum",27
"Uroconger syringinus",27
"Bothus ocellatus",26
"Canthidermis maculata",26
"Caranx latus",26
"Carassius auratus",26
"Carpiodes sp. (cf. velifer",26
"Conger oceanicus",26
"Etheostoma sp. (cf. blennioides--Hiwassee",26
"Etheostoma vulneratum",26
"Gymnothorax moringa",26
"Lucania goodei",26
"Notropis sp. Sawfin Shiner",26
"Peprilus sp.",26
"Percina peltata",26
"Prionotus sp.",26
"Scorpaenidae",26
"Synagrops spinosus",26
"Chasmodes bosquianus",25
"Dysomma anguillare",25
"Hemiramphus balao",25
"Merluccius albidus",25
"Notropis sp.",25
"Paralichthys albigutta",25
"Peprilus alepidotus",25
"Raja eglanteria",25
"Diaphus brachycephalus",24
"Gnathophis sp.",24
"Holacanthus sp.",24
"Lagocephalus laevigatus",24
"Lampanyctus alatus",24
"Urophycis earllii",24
"Achirus lineatus",23
"Agonostomus monticola",23
"Anchoa sp.",23
"Aplodinotus grunniens",23
"Awaous banana",23
"Etheostoma hopkinsi",23
"Gobiomorus dormitor",23
"Hygophum reinhardtii",23
"Letharchus aliculatus",23
"Lythrurus fasciolaris",23
"Moxostoma sp. Sicklefin Redhorse",23
"Narcine brasiliensis",23
"Noturus eleutherus",23
"Phycis chesteri",23
"Pristipomoides sp.",23
"Seriola fasciata",23
"Xyrichtys sp.",23
"Zenopsis conchifer",23
"Ceratoscopelus maderensis",22
"Cheilopogon furcatus",22
"Citharichthys macrops",22
"Elassoma okatie",22
"Etheostoma radiosum",22
"Fundulus confluentus",22
"Gasterosteus aculeatus",22
"Haemulon aurolineatum",22
"Harengula jaguana",22
"Holocentridae",22
"Megalops atlanticus",22
"Melamphaes simus",22
"Nemichthys scolopaceus",22
"Notropis percobromus",22
"Notropis texanus",22
"Oxyporhamphus micropterus",22
"Paraconger sp.",22
"Polyipnus sp.",22
"Rhynchoconger gracilior",22
"Setarches guentheri",22
"Sphyraena guachancho",22
"Centrarchidae hybrid Lepomis hybrid?",21
"Elagatis bipinnulata",21
"Engyophrys senta",21
"Erimystax dissimilis",21
"Gymnothorax saxicola",21
"Gymnura micrura",21
"Heteroconger luteolus",21
"Kyphosus sectatrix",21
"Maurolicus weitzmani",21
"Rhinobatos lentiginosus",21
"Sicydium sp.",21
"Sphyrna tiburo",21
"Thunnus sp.",21
"Centrobranchus nigroocellatus",20
"Cheilopogon exsiliens",20
"Citharichthys sp.",20
"Ctenogobius shufeldti",20
"Etheostoma stigmaeum",20
"Gobionellus oceanicus",20
"Gobiosoma sp.",20
"Haemulon plumierii",20
"Ictiobus bubalus",20
"Lampanyctus sp.",20
"Luxilus zonatus",20
"Malacanthus plumieri",20
"Moxostoma breviceps",20
"Myliobatis freminvillii",20
"Neoconger mucronatus",20
"Notropis nubilus",20
"Noturus exilis",20
"Ahlia egmontis",19
"Alectis ciliaris",19
"Campostoma spadiceum",19
"Cantherhines pullus",19
"Centrarchidae hybrid Lepomis auritus x macrochirus?",19
"Diaphus splendidus",19
"Etheostoma longimanum",19
"Histrio histrio",19
"Hoplostethus mediterraneus",19
"Lutjanus sp.",19
"Nettenchelys pygmaea",19
"Noturus gilberti",19
"Oligoplites saurus",19
"Pagrus pagrus",19
"Prionotus tribulus",19
"Symphurus sp.",19
"Syngnathus floridae",19
"Upeneus parvus",19
"Atherinomorus stipes",18
"Canthidermis sufflamen",18
"Cheilopogon cyanopterus",18
"Cynoscion nothus",18
"Etheostoma acuticeps",18
"Etheostoma camurum",18
"Etheostoma sp. (cf. blennioides--Arkansas-White",18
"Fundulus notatus",18
"Holocentrus adscensionis",18
"Hoplostethus occidentalis",18
"Kyphosus incisor",18
"Lythrurus lirus",18
"Monacanthus tuckeri",18
"Notropis longirostris",18
"Noturus sp.",18
"Sander vitreus",18
"Scopelarchus analis",18
"Sicydium punctatum",18
"Acanthostracion quadricornis",17
"Antigonia capros",17
"Apterichtus ansp",17
"Caulolatilus microps",17
"Citharichthys gymnorhinus",17
"Diplodus holbrookii",17
"Fundulus sp. (cf. diaphanus",17
"Heteropriacanthus cruentatus",17
"Lampadena luminosa",17
"Lepomis sp.",17
"Lepophidium profundorum",17
"Lobianchia gemellarii",17
"Melanostigma atlanticum",17
"Opsanus beta",17
"Pseudopleuronectes americanus",17
"Xyrichtys novacula",17
"Chaunax suttkusi",16
"Diapterus auratus",16
"Lepisosteus platyrhincus",16
"Micropterus coosae",16
"Myctophum selenops",16
"Ophidion marginatum",16
"Psenes cyanophrys",16
"Rhinoptera bonasus",16
"Scorpaena brasiliensis",16
"Selene sp.",16
"Stomias affinis",16
"Tautoga onitis",16
"Trichopsetta sp.",16
"Arctozenus risso kroyeri",15
"Centrarchidae hybrid Lepomis gibbosus x macrochirus?",15
"Centropomus undecimalis",15
"Ceratoscopelus warmingii",15
"Clupea harengus",15
"Diaphus problematicus",15
"Echiodon dawsoni",15
"Halichoeres bivittatus",15
"Hemanthias vivanus",15
"Holacanthus bermudensis",15
"Hoplunnis tenuis",15
"Hygophum sp.",15
"Hyporhamphus meeki",15
"Neomerinthe hemingwayi",15
"Percina oxyrhynchus",15
"Percina rex",15
"Platybelone argalus",15
"Stellifer lanceolatus",15
"Stomias boa ferox",15
"Syngnathus sp.",15
"Trachyscorpia cristulata",15
"Argyropelecus sladeni",14
"Ariomma sp.",14
"Calamus leucosteus",14
"Caranx bartholomaei",14
"Carcharias taurus",14
"Carpiodes carpio",14
"Chaetodon capistratus",14
"Clupeidae",14
"Cypselurus comatus",14
"Dasyatis americana",14
"Diplectrum formosum",14
"Dormitator maculatus",14
"Etheostoma sp.",14
"Etheostoma sp. (cf. blennioides--Ouachita",14
"Fistularia petimba",14
"Halieutichthys aculeatus",14
"Hemiramphus sp.",14
"Howellidae",14
"Hyporthodus niveatus",14
"Lutjanus campechanus",14
"Macroramphosus scolopax",14
"Merluccius bilinearis",14
"Microgobius thalassinus",14
"Negaprion brevirostris",14
"Noturus nocturnus",14
"Percina copelandi",14
"Phenacobius uranops",14
"Rhinichthys osculus",14
"Squalus acanthias",14
"Trachinocephalus myops",14
"Urophycis chuss",14
"Apogonidae",13
"Bolinichthys photothorax",13
"Citharichthys arctifrons",13
"Clinostomus elongatus",13
"Cottus cognatus",13
"Cynoglossidae",13
"Cyprinella sp.",13
"Dasyatis say",13
"Dolicholagus longirostris",13
"Etheostoma atripinne",13
"Gadella imberbis",13
"Galaxias maculatus",13
"Gymnachirus melas",13
"Hippoglossina oblonga",13
"Holocentrus sp.",13
"Hymenocephalus italicus",13
"Hypentelium etowanum",13
"Lutjanus synagris",13
"Malacocephalus occidentalis",13
"Moxostoma carinatum",13
"Ophichthus melanoporus",13
"Pterois volitans",13
"Scorpaena plumieri",13
"Sudis atrox",13
"Thalassoma bifasciatum",13
"Acanthurus sp.",12
"Alosa sp.",12
"Bathycongrus dubius",12
"Catostomidae",12
"Centrarchidae hybrid Lepomis cyanellus x gibbosus?",12
"Cyprinella monacha",12
"Diaphus taaningi",12
"Eleotris perniger",12
"Ichthyococcus ovatus",12
"Labrisomus nuchipinnis",12
"Luxilus zonistius",12
"Margrethia obtusirostra",12
"Monopterus albus",12
"Myctophum asperum",12
"Nezumia aequalis",12
"Nezumia sclerorhynchus",12
"Nezumia sp.",12
"Oncorhynchus tshawytscha",12
"Oreochromis aureus",12
"Peprilus paru",12
"Peristedion greyae",12
"Phenacobius mirabilis",12
"Photostomias guernei",12
"Ptereleotris sp.",12
"Pterygoplichthys pardalis",12
"Ptychocheilus oregonensis",12
"Rhynchoconger sp.",12
"Richardsonius balteatus",12
"Saurida brasiliensis",12
"Scopeloberyx opisthopterus",12
"Serranus notospilus",12
"Sphoeroides nephelus",12
"Aluterus monoceros",11
"Ambloplites ariommus",11
"Anthias nicholsi",11
"Auxis thazard",11
"Bathophilus pawneei",11
"Bellator egretta",11
"Bolinichthys supralateralis",11
"Canthigaster rostrata",11
"Carangidae",11
"Carcharhinus isodon",11
"Centropyge sp.",11
"Diplogrammus pauciradiatus",11
"Exocoetus obtusirostris",11
"Fundulus seminolis",11
"Gobionellus sp.",11
"Gonichthys cocco",11
"Gymnothorax vicinus",11
"Ichthyomyzon sp.",11
"Lophiodes beroe",11
"Lophius americanus",11
"Lythrurus fumeus",11
"Margariscus margarita",11
"Mycteroperca bonaci",11
"Myctophum nitidulum",11
"Nemichthys curvirostris",11
"Nesiarchus nasutus",11
"Oncorhynchus clarkii virginalis",11
"Oreochromis mossambicus",11
"Pontinus rathbuni",11
"Rhinoptera steindachneri",11
"Sardinella aurita",11
"Scorpaena dispar",11
"Stegastes partitus",11
"Synodus poeyi",11
"Acipenser brevirostrum",10
"Albula vulpes",10
"Argyropelecus gigas",10
"Bathygobius soporator",10
"Bryx dunckeri",10
"Carcharhinus leucas",10
"Centrarchidae hybrid Lepomis cyanellus x macrochirus?",10
"Coregonus artedi",10
"Cottus kanawhae",10
"Culaea inconstans",10
"Cyprinidae",10
"Epigonus pandionis",10
"Etheostoma collettei",10
"Etheostoma jessiae",10
"Etheostoma sp. (cf. blennioides--Missouri",10
"Etheostoma swaini",10
"Fistularia tabacaria",10
"Holocentrus rufus",10
"Ictalurus sp.",10
"Katsuwonus pelamis",10
"Leucoraja erinacea",10
"Luxilus pilsbryi",10
"Lythrurus roseipinnis",10
"Lythrypnus phorellus",10
"Mola mola",10
"Monacanthidae",10
"Monacanthus sp.",10
"Myctophum obtusirostre",10
"Myctophum sp.",10
"Notoscopelus resplendens",10
"Notropis shumardi",10
"Ogcocephalus nasutus",10
"Ophidion sp.",10
"Percina phoxocephala",10
"Percina vigil",10
"Pseudomyrophis sp.",10
"Pseudupeneus maculatus",10
"Sander canadensis",10
"Scomber scombrus",10
"Stephanolepis setifer",10
"Anarchias similis",9
"Anchoa cubana",9
"Antennarius ocellatus",9
"Balistidae",9
"Brevoortia smithi",9
"Calamus nodosus",9
"Caulolatilus sp.",9
"Chaetodon ocellatus",9
"Chaetodon sedentarius",9
"Chaetodon sp.",9
"Channa argus",9
"Coryphaena equiselis",9
"Cottus asper",9
"Cyprinidae hybrid Chrosomus oreas x Clinostomus funduloides?",9
"Diaphus garmani",9
"Diplospinus multistriatus",9
"Engraulidae",9
"Enneacanthus sp.",9
"Erimyzon claviformis",9
"Etheostoma crossopterum",9
"Etheostoma maculatum",9
"Eucinostomus lefroyi",9
"Gobiidae",9
"Gobiosoma ginsburgi",9
"Hiodon tergisus",9
"Hybognathus nuchalis",9
"Idiastion kyphos",9
"Istiophorus platypterus",9
"Lepomis humilis",9
"Leptocottus armatus",9
"Lestidiops affinis",9
"Lobianchia dofleini",9
"Lopholatilus chamaeleonticeps",9
"Lutjanus analis",9
"Macrhybopsis storeriana",9
"Makaira nigricans",9
"Melamphaes pumilus",9
"Moxostoma poecilurum",9
"Mugil sp.",9
"Mullus auratus",9
"Notropis greenei",9
"Ogcocephalus parvus",9
"Ophidiidae",9
"Pareques umbrosus",9
"Percina tanasi",9
"Poecilia sp. (sphenops complex",9
"Polymetme corythaeola",9
"Porichthys plectrodon",9
"Pteronotropis hypselopterus",9
"Pungitius pungitius",9
"Sarda sarda",9
"Sciaenidae",9
"Serranus phoebe",9
"Synagrops sp.",9
"Synodus intermedius",9
"Acanthocybium solandri",8
"Alosa chrysochloris",8
"Bascanichthys scuticaris",8
"Bellator militaris",8
"Benthocometes robustus",8
"Cantherhines macrocerus",8
"Catostomus macrocheilus",8
"Caulolatilus affinis",8
"Caulolatilus chrysops",8
"Centropristis ocyurus",8
"Cephalopholis cruentata",8
"Cetorhinus maximus",8
"Chaetodon striatus",8
"Clarias batrachus",8
"Cookeolus japonicus",8
"Cottus rhotheus",8
"Ctenopharyngodon idella",8
"Cymatogaster aggregata",8
"Cyprinella callistia",8
"Cyprinella camura",8
"Diaphus lucidus",8
"Diplectrum sp.",8
"Enchelyopus cimbrius",8
"Epinephelus drummondhayi",8
"Erimystax x-punctatus",8
"Erimyzon sp.",8
"Etheostoma bellum",8
"Etheostoma coosae",8
"Etheostoma jordani",8
"Etheostoma juliae",8
"Etheostoma sp. (cf. blennioides--Cumberland",8
"Eucinostomus gracilis",8
"Eucinostomus sp.",8
"Evorthodus lyricus",8
"Gempylus serpens",8
"Gerreidae",8
"Haemulon parra",8
"Haemulon sciurus",8
"Hemicaranx amblyrhynchus",8
"Hirundichthys rondeletii",8
"Hygophum hygomii",8
"Hyporhamphus unifasciatus",8
"Kathetostoma albigutta",8
"Lactophrys sp.",8
"Lampanyctus nobilis",8
"Lepisosteus oculatus",8
"Lestidium atlanticum",8
"Membras vagrans",8
"Mulloidichthys martinicus",8
"Muraenidae",8
"Mycteroperca sp.",8
"Myrophis platyrhynchus",8
"Notropis ariommus",8
"Noturus albater",8
"Ophidion selenops",8
"Pelmatolapia mariae",8
"Peristedion ecuadorense",8
"Peristedion miniatum",8
"Pollachius virens",8
"Polymetme thaeocoryla",8
"Pomacanthus paru",8
"Pontinus longispinis",8
"Pristipomoides aquilonaris",8
"Pristis pectinata",8
"Scorpaenichthys marmoratus",8
"Serranidae",8
"Serrivomer beanii",8
"Siphateles bicolor",8
"Sphoeroides spengleri",8
"Stegastes adustus",8
"Sternoptyx pseudobscura",8
"Syngnathus pelagicus",8
"Syngnathus scovelli",8
"Thymallus arcticus",8
"Trachinotus goodei",8
"Umbra limi",8
"Vinciguerria sp.",8
"Acanthurus tractus",7
"Anthias tenuis",7
"Antimora rostrata",7
"Aplatophis chauliodus",7
"Apogon pseudomaculatus",7
"Argentina striata",7
"Astroscopus guttatus",7
"Bonapartia pedaliota",7
"Bothidae",7
"Catostomus sp.",7
"Caulolatilus cyanops",7
"Chaetodon auriga",7
"Coccorella atlantica",7
"Coptodon zillii",7
"Corniger spinosus",7
"Cubiceps pauciradiatus",7
"Cyprinella trichroistia",7
"Diaphus perspicillatus",7
"Diplacanthopoma brachysoma",7
"Diplectrum bivittatum",7
"Engraulis eurystole",7
"Equetus lanceolatus",7
"Etheostoma duryi",7
"Etheostoma flavum",7
"Etheostoma histrio",7
"Etmopterus bullisi",7
"Etrumeus teres",7
"Eugerres plumieri",7
"Floridichthys carpio",7
"Ginglymostoma cirratum",7
"Hippocampus sp.",7
"Hoplunnis diomediana",7
"Hybopsis winchelli",7
"Ichthyomyzon gagei",7
"Jordanella floridae",7
"Kaupichthys hyoproroides",7
"Lactophrys trigonus",7
"Lactophrys triqueter",7
"Lepisosteus platostomus",7
"Lestrolepis intermedia",7
"Letharchus velifer",7
"Lutjanus mahogoni",7
"Luxilus cardinalis",7
"Monolene sessilicauda",7
"Moronidae hybrid Morone chrysops x saxatilis?",7
"Myrichthys breviceps",7
"Nannobrachium lineatum",7
"Nettenchelys exoria",7
"Nicholsina usta",7
"Notropis amabilis",7
"Notropis atrocaudalis",7
"Notropis dorsalis",7
"Notropis harperi",7
"Notropis heterolepis",7
"Notropis wickliffi",7
"Ogcocephalus rostellum",7
"Otophidium omostigmum",7
"Percina shumardi",7
"Percopsis omiscomaycus",7
"Polydactylus octonemus",7
"Polyipnus asteroides",7
"Pomadasys crocro",7
"Porichthys porosissimus",7
"Priacanthus hamrur",7
"Prionotus alatus",7
"Prionotus rubio",7
"Ptychocheilus grandis",7
"Rajidae",7
"Remora osteochir",7
"Saurenchelys cognita",7
"Sparisoma sp.",7
"Sphyraena borealis",7
"Symbolophorus rufinus",7
"Symphurus civitatium",7
"Symphurus marginatus",7
"Synaphobranchus affinis",7
"Thunnus albacares",7
"Torpedo nobiliana",7
"Trachurus lathami",7
"Tylosurus crocodilus",7
"Xiphophorus hellerii",7
"Alepisaurus ferox",6
"Amblyraja radiata",6
"Apogon sp.",6
"Archosargus rhomboidalis",6
"Aulostomus maculatus",6
"Bodianus pulchellus",6
"Bramidae",6
"Brevoortia patronus",6
"Bythites gerdae",6
"Carapus bermudensis",6
"Catostomus catostomus",6
"Centrodraco acanthopoma",6
"Chilomycterus sp.",6
"Cichlasoma urophthalmus",6
"Citharichthys arenaceus",6
"Citharichthys cornutus",6
"Conger sp.",6
"Coryphaena sp.",6
"Cottus chattahoochee",6
"Cottus hypselurus",6
"Cottus perplexus",6
"Couesius plumbeus",6
"Cryptopsaras couesii",6
"Cyclopsetta fimbriata",6
"Cyclothone parapallida",6
"Cynoscion arenarius",6
"Diodon hystrix",6
"Dipturus teevani",6
"Eleotris amblyopsis",6
"Erimyzon tenuis",6
"Etheostoma asprigene",6
"Etheostoma chlorosomum",6
"Etheostoma edwini",6
"Etheostoma meadiae",6
"Etheostoma parvipinne",6
"Etheostoma tippecanoe",6
"Fundulus grandis",6
"Gerres cinereus",6
"Haemulon flavolineatum",6
"Haemulon striatum",6
"Holacanthus tricolor",6
"Hoplunnis sp.",6
"Hygophum macrochir",6
"Hyperoglyphe perciformis",6
"Isurus oxyrinchus",6
"Macrhybopsis hyostoma",6
"Macrouridae",6
"Malacoraja senta",6
"Masturus lanceolatus",6
"Menidia sp.",6
"Microgobius gulosus",6
"Morone mississippiensis",6
"Moxostoma sp.",6
"Mycteroperca phenax",6
"Myrichthys ocellatus",6
"Nessorhamphus ingolfianus",6
"Notropis buchanani",6
"Notropis sp. (cf. chlorocephalus",6
"Notropis xaenocephalus",6
"Noturus maydeni",6
"Odontopyxis trispinosa",6
"Ogcocephalidae",6
"Oncorhynchus kisutch",6
"Ophidion holbrookii",6
"Ophioblennius macclurei",6
"Paralepididae",6
"Parasudis truculenta",6
"Parophrys vetulus",6
"Peprilus burti",6
"Percina burtoni",6
"Percina palmaris",6
"Poecilia reticulata",6
"Pomacentridae",6
"Priacanthus blochii",6
"Scaphirhynchus platorynchus",6
"Scorpaena calcarata",6
"Sphoeroides testudineus",6
"Sphyraena sp.",6
"Strongylura notata",6
"Syacium gunteri",6
"Synaphobranchus kaupii",6
"Synodus synodus",6
"Thoburnia hamiltoni",6
"Trichopsetta ventralis",6
"Umbrina coroides",6
"Acanthurus chirurgus",5
"Acanthurus nigrofuscus",5
"Acipenser fulvescens",5
"Agosia chrysogaster",5
"Aldrovandia affinis",5
"Alopias vulpinus",5
"Ambloplites constellatus",5
"Ameiurus serracanthus",5
"Ameiurus sp.",5
"Antennarius radiosus",5
"Apogon maculatus",5
"Artedius lateralis",5
"Astronesthes similus",5
"Astyanax mexicanus",5
"Ateleopus sp.",5
"Bascanichthys bascanium",5
"Belonesox belizanus",5
"Brotula barbata",5
"Caranx lugubris",5
"Carpiodes velifer",5
"Catostomus occidentalis",5
"Centrarchidae",5
"Centrarchidae hybrid Lepomis auritus x gibbosus?",5
"Centrarchidae hybrid Lepomis macrochirus x microlophus?",5
"Chaunax stigmaeus",5
"Chlopsis bicolor",5
"Chromis cyanea",5
"Chromis sp.",5
"Cichla ocellaris",5
"Colossoma sp.",5
"Cottus aleuticus",5
"Cottus girardi",5
"Cycleptus elongatus",5
"Cyprinella stigmatura",5
"Decapterus macarellus",5
"Derichthys serpentinus",5
"Diaphus subtilis",5
"Dicrolene introniger",5
"Enchelycore nigricans",5
"Epinephelus adscensionis",5
"Epinephelus sp.",5
"Ericymba amplamala",5
"Etheostoma artesiae",5
"Etheostoma euzonum",5
"Etheostoma gracile",5
"Etheostoma kennicotti",5
"Etheostoma lepidum",5
"Etheostoma luteovinctum",5
"Etheostoma osburni",5
"Etheostoma proeliare",5
"Etmopterus hillianus",5
"Eucinostomus jonesii",5
"Fenestraja sinusmexicanus",5
"Foetorepus agassizii",5
"Fundulus luciae",5
"Gephyroberyx darwinii",5
"Gila pandora",5
"Gila robusta",5
"Gordiichthys leibyi",5
"Gymnothorax miliaris",5
"Halichoeres garnoti",5
"Halichoeres maculipinna",5
"Hemanthias leptus",5
"Hiodon alosoides",5
"Holacanthus ciliaris",5
"Hololepis serrifer",5
"Hyporthodus flavolimbatus",5
"Istiophoridae",5
"Lampanyctus tenuiformis",5
"Leptolucania ommata",5
"Leucoraja garmani",5
"Lophogobius cyprinoides",5
"Lota lota",5
"Lutjanus apodus",5
"Lutjanus jocu",5
"Lycenchelys verrillii",5
"Micropterus henshalli",5
"Moxostoma lachneri",5
"Moxostoma sp. (cf. poecilurum",5
"Moxostoma valenciennesi",5
"Muraena retifera",5
"Myoxocephalus aenaeus",5
"Myripristis jacobus",5
"Narcine bancroftii",5
"Naucrates ductor",5
"Nettastomatidae",5
"Notacanthus chemnitzii",5
"Notropis blennius",5
"Notropis chrosomus",5
"Notropis semperasper",5
"Noturus elegans",5
"Ogcocephalus sp.",5
"Oligocottus maculosus",5
"Oligocottus snyderi",5
"Ophichthus sp.",5
"Osmerus mordax",5
"Parupeneus multifasciatus",5
"Peristedion truncatum",5
"Physiculus fulvus",5
"Physiculus karrerae",5
"Platichthys stellatus",5
"Polymixia lowei",5
"Polyodon spathula",5
"Polyprion americanus",5
"Priacanthus macracanthus",5
"Priacanthus prolixus",5
"Priacanthus sagittarius",5
"Prionotus roseus",5
"Pronotogrammus martinicensis",5
"Prosopium williamsoni",5
"Pseudophichthys splendens",5
"Pterois antennata",5
"Raja texana",5
"Ruvettus pretiosus",5
"Rypticus saponaceus",5
"Salmo salar",5
"Scopeloberyx robustus",5
"Serranus atrobranchus",5
"Serranus tigrinus",5
"Sparisoma chrysopterum",5
"Squalus cubensis",5
"Stegastes leucostictus",5
"Stegastes sp.",5
"Strongylura timucu",5
"Synodontidae",5
"Xenolepidichthys dalgleishi",5
"Xiphias gladius",5
"",4
"Acrocheilus alutaceus",4
"Adinia xenica",4
"Ammodytes americanus",4
"Antennarius striatus",4
"Apodichthys fucorum",4
"Archoplites interruptus",4
"Astronotus ocellatus",4
"Atractosteus spatula",4
"Bairdiella ronchus",4
"Balistapus undulatus",4
"Balistes vetula",4
"Bembrops anatirostris",4
"Bembrops gobioides",4
"Breviraja claramaculata",4
"Campostoma pauciradii",4
"Canthigaster sp.",4
"Carcharodon carcharias",4
"Centropyge argi",4
"Chaetodon aya",4
"Chasmistes brevirostris",4
"Chasmodes saburrae",4
"Chauliodus sp.",4
"Cheilopogon heterurus",4
"Cheilopogon sp.",4
"Clinocottus analis",4
"Cottus gulosus",4
"Cyprinella leedsi",4
"Cyprinidae hybrid Clinostomus funduloides x Nocomis leptocephalus?",4
"Deltistes luxatus",4
"Diaphus fragilis",4
"Diaphus termophilus",4
"Dionda argentosa",4
"Diplophos taenia",4
"Elassoma sp.",4
"Eleotris pisonis",4
"Entomacrodus nigricans",4
"Epigonus sp.",4
"Epinephelus morio",4
"Esox lucius",4
"Etheostoma basilare",4
"Etheostoma corona",4
"Etheostoma cragini",4
"Etheostoma erythrozonum",4
"Etheostoma exile",4
"Etheostoma lynceum",4
"Etheostoma maydeni",4
"Etheostoma microperca",4
"Etheostoma moorei",4
"Etheostoma obeyense",4
"Etheostoma planasaxatile",4
"Etheostoma sp. (cf. spectabile",4
"Etheostoma whipplei",4
"Etropus rimosus",4
"Fistularia sp.",4
"Foetorepus sp.",4
"Fundulus similis",4
"Gadus morhua",4
"Gnatholepis thompsoni",4
"Gobiesox maeandricus",4
"Gobiosoma robustum",4
"Gymnothorax polygonius",4
"Halichoeres poeyi",4
"Harengula sp.",4
"Hemitremia flammea",4
"Hemitripterus americanus",4
"Hexagrammos decagrammus",4
"Hippocampus reidi",4
"Hippoglossoides platessoides",4
"Howella brodiei",4
"Hypoplectrus unicolor",4
"Ichthyomyzon castaneus",4
"Ictaluridae",4
"Lachnolaimus maximus",4
"Laemonema goodebeanorum",4
"Laemonema sp.",4
"Lavinia exilicauda",4
"Lepomis miniatus",4
"Liopropoma sp.",4
"Lophius gastrophysus",4
"Macrhybopsis tomellerii",4
"Melamphaes sp.",4
"Menidia audens",4
"Microgadus proximus",4
"Misgurnus anguillicaudatus",4
"Monolene sp.",4
"Moringua edwardsi",4
"Nocomis asper",4
"Nocomis effusus",4
"Notropis ammophilus",4
"Notropis ortenburgeri",4
"Noturus funebris",4
"Noturus gladiator",4
"Noturus hildebrandi",4
"Ocyurus chrysurus",4
"Omosudis lowii",4
"Ophidion grayi",4
"Parablennius marmoreus",4
"Paradiplogrammus bairdi",4
"Paralepis elongata",4
"Paralichthys squamilentus",4
"Percina crypta",4
"Percina macrocephala",4
"Percina smithvanizi",4
"Peristedion thompsoni",4
"Platygobio gracilis",4
"Polydactylus virginicus",4
"Pomacanthus arcuatus",4
"Priacanthidae",4
"Prosopium cylindraceum",4
"Pteronotropis hubbsi",4
"Pteronotropis metallicus",4
"Pteronotropis signipinnis",4
"Sargocentron bullisi",4
"Sargocentron vexillarium",4
"Scomber colias",4
"Scombridae",4
"Scorpaena agassizii",4
"Semotilus thoreauianus",4
"Serranus sp.",4
"Sphoeroides dorsalis",4
"Stomiidae",4
"Sufflamen bursa",4
"Symphurus nebulosus",4
"Symphurus urospilus",4
"Synagrops trispinosus",4
"Tautogolabrus adspersus",4
"Thoburnia atripinnis",4
"Tilapia sp.",4
"Trachinotus sp.",4
"Uncisudis advena",4
"Uropterygius macularius",4
"Yarrella blackfordi",4
"Abudefduf taurus",3
"Acanthurus nigricans",3
"Acanthurus triostegus",3
"Aetobatus narinari",3
"Aldrovandia gracilis",3
"Alepocephalus agassizii",3
"Amblyopsidae",3
"Ammocrypta beanii",3
"Ammocrypta clara",3
"Ammocrypta vivax",3
"Anarchopterus criniger",3
"Ancylopsetta dilecta",3
"Anisotremus virginicus",3
"Antigonia sp.",3
"Apogon binotatus",3
"Aprognathodon platyventris",3
"Archocentrus myrnae",3
"Ariomma regulus",3
"Ariosoma anale",3
"Arothron nigropunctatus",3
"Astrapogon puncticulatus",3
"Astrapogon stellatus",3
"Atherinidae",3
"Atherinops affinis",3
"Auxis rochei",3
"Balistes polylepis",3
"Bathyagonus alascanus",3
"Bathygobius curacao",3
"Bathylagus sp.",3
"Bellator brachychir",3
"Benthobatis marcida",3
"Bolinichthys sp.",3
"Brama sp.",3
"Bregmaceros cantori",3
"Bregmaceros houdei",3
"Carapidae",3
"Catostomus columbianus",3
"Catostomus discobolus",3
"Catostomus latipinnis",3
"Caulolatilus princeps",3
"Chaunax sp.",3
"Chiasmodon niger",3
"Chromis multilineata",3
"Chrosomus eos",3
"Chrosomus tennesseensis",3
"Cichlasoma bimaculatum",3
"Citharichthys stigmaeus",3
"Clupea pallasii",3
"Coelorinchus occa",3
"Conodon nobilis",3
"Coregonus clupeaformis",3
"Coryphaenoides brevibarbis",3
"Coryphaenoides zaniophorus",3
"Coryphopterus glaucofraenum",3
"Cottus paulus",3
"Cryptacanthodes maculatus",3
"Cyclothone obscura",3
"Cyprinella caerulea",3
"Cyprinella callisema",3
"Cyprinella proserpina",3
"Cyprinella xaenura",3
"Cyprinidae hybrid Acrocheilus alutaceus x Ptychocheilus oregonensis?",3
"Cyprinidae hybrid Clinostomus x Notropis?",3
"Cyprinidae hybrid Notropis hudsonius x scepticus?",3
"Cyprinidae hybrid Notropis hybrid?",3
"Cyprinidae hybrid Notropis leuciodus x rubricroceus?",3
"Cyprinidae hybrid Rhinichthys atratulus x obtusus?",3
"Dactyloscopus tridigitatus",3
"Dascyllus aruanus",3
"Elassoma okefenokee",3
"Epinephelus guttatus",3
"Epinephelus striatus",3
"Eptatretus minor",3
"Equetus punctatus",3
"Esox masquinongy",3
"Etheostoma baileyi",3
"Etheostoma blennius",3
"Etheostoma chuckwachatte",3
"Etheostoma cinereum",3
"Etheostoma denoncourti",3
"Etheostoma derivativum",3
"Etheostoma forbesi",3
"Etheostoma grahami",3
"Etheostoma microlepidum",3
"Etheostoma nigripinne",3
"Etheostoma olivaceum",3
"Etheostoma pseudovulatum",3
"Etheostoma rubrum",3
"Etheostoma rupestre",3
"Etheostoma sagitta",3
"Etmopterus gracilispinis",3
"Etmopterus schultzi",3
"Eucinostomus havana",3
"Eucinostomus melanopterus",3
"Fundulus blairae",3
"Fundulus dispar",3
"Fundulus kansae",3
"Fundulus nottii",3
"Fundulus sp.",3
"Galeus arae",3
"Gasterosteus wheatlandi",3
"Gigantura chuni",3
"Gonioplectrus hispanus",3
"Gordiichthys randalli",3
"Gymnothorax nigromarginatus",3
"Haemulon album",3
"Haemulon carbonarium",3
"Halichoeres bathyphilus",3
"Halichoeres marginatus",3
"Halichoeres sp.",3
"Herichthys cyanoguttatus",3
"Hippocampus zosterae",3
"Howella sp.",3
"Hybognathus hankinsoni",3
"Hybopsis amnis",3
"Hyperprosopon argenteum",3
"Hypophthalmichthys nobilis",3
"Hyporthodus nigritus",3
"Ictiobus cyprinellus",3
"Ictiobus niger",3
"Kuhlia salelea",3
"Kyphosus sp.",3
"Labrisomus xanti",3
"Lepophidium sp.",3
"Leucoraja ocellata",3
"Liopropoma eukrines",3
"Lutjanus cyanopterus",3
"Lycodes terraenovae",3
"Lythrurus bellus",3
"Lythrurus snelsoni",3
"Lythrypnus spilus",3
"Melanonus zugmayeri",3
"Menidia peninsulae",3
"Microdesmus longipinnis",3
"Micrometrus aurora",3
"Micropterus cataractae",3
"Moxostoma congestum",3
"Moxostoma hubbsi",3
"Moxostoma pisolabrum",3
"Nannobrachium atrum",3
"Notropis baileyi",3
"Notropis heterodon",3
"Notropis melanostomus",3
"Notropis ozarcanus",3
"Notropis perpallidus",3
"Notropis potteri",3
"Notropis sabinae",3
"Noturus fasciatus",3
"Noturus flavipinnis",3
"Novaculichthys taeniourus",3
"Oncorhynchus nerka",3
"Ophioblennius atlanticus",3
"Ophiodon elongatus",3
"Oregonichthys crameri",3
"Ostracion meleagris",3
"Pagellus acarne",3
"Parachromis managuensis",3
"Paraclinus marmoratus",3
"Paralichthys sp.",3
"Pareques acuminatus",3
"Percidae",3
"Percina aurolineata",3
"Percina bimaculata",3
"Percina carbonaria",3
"Percina kusha",3
"Percina macrolepida",3
"Percina uranidea",3
"Peristedion gracile",3
"Phaeoptyx conklini",3
"Phaeoptyx pigmentaria",3
"Phallichthys amates",3
"Phenacobius catostomus",3
"Pholis gunnellus",3
"Piaractus brachypomus",3
"Pimephales tenellus",3
"Platytroctidae",3
"Poecilia mexicana",3
"Prionace glauca",3
"Prionotus longispinosus",3
"Prionotus ophyras",3
"Prionotus stearnsi",3
"Pristigenys niphonia",3
"Pristigenys refulgens",3
"Pristis pristis",3
"Promethichthys prometheus",3
"Psettichthys melanostictus",3
"Pterois miles",3
"Pteronotropis welaka",3
"Remora remora",3
"Rhinecanthus aculeatus",3
"Rhinichthys cobitis",3
"Rhinoptera javanica",3
"Rhinoptera marginata",3
"Rubicundus lopheliae",3
"Rypticus maculatus",3
"Rypticus subbifrenatus",3
"Sargocentron coruscum",3
"Sargocentron diadema",3
"Sarpa salpa",3
"Scarus sp.",3
"Scarus taeniopterus",3
"Scopelarchus michaelsarsi",3
"Scopelogadus mizolepis",3
"Scorpaena grandicornis",3
"Scorpaena inermis",3
"Scorpaena sp.",3
"Semotilus sp.",3
"Sphyraenops bairdianus",3
"Stegastes planifrons",3
"Steindachneria argentea",3
"Stenotomus sp.",3
"Stephanolepis sp.",3
"Sternoptychidae",3
"Symphurus billykrietei",3
"Symphurus minor",3
"Symphurus pusillus",3
"Synaphobranchidae",3
"Terapon jarbua",3
"Thalassoma duperrey",3
"Tiluropsis sp.",3
"Triglidae",3
"Urobatis jamaicensis",3
"Urophycis cirrata",3
"Zalieutes mcgintyi",3
"Zanclus cornutus",3
"Zenion hololepis",3
"Abudefduf sordidus",2
"Acanthogobius flavimanus",2
"Acanthostracion polygonius",2
"Acentrogobius caninus",2
"Acipenser sp.",2
"Aetomylaeus nichofii",2
"Alfaro cultratus",2
"Alosa alabamae",2
"Aluterus sp.",2
"Ammocrypta pellucida",2
"Amphilophus rhytisma",2
"Anchoa cayorum",2
"Anchoa colonensis",2
"Anchovia clupeoides",2
"Anchoviella perfasciata",2
"Antennarius multiocellatus",2
"Antennarius sp.",2
"Anthias anthias",2
"Apodichthys flavidus",2
"Apogon aurolineatus",2
"Apogon quadrisquamatus",2
"Apterichtus kendalli",2
"Argyropelecus affinis",2
"Ariosoma selenops",2
"Artedius harringtoni",2
"Astronesthes macropogon",2
"Astronesthes niger",2
"Astyanax anai",2
"Astyanax fasciatus",2
"Astyanax nicaraguensis",2
"Avocettina infans",2
"Barathronus bicolor",2
"Bathophilus longipinnis",2
"Bathycongrus sp.",2
"Bathygobius mystacium",2
"Benthodesmus tenuis",2
"Blenniella bilitonensis",2
"Blenniidae",2
"Bodianus rufus",2
"Bodianus scrofa",2
"Bolinichthys distofax",2
"Bothus lunatus",2
"Bothus mancus",2
"Branchiostoma virginiae",2
"Brotula multibarbata",2
"Bryconamericus scleroparius",2
"Butis koilomatodon",2
"Bythites fuscus",2
"Calamopteryx goslinei",2
"Calamus calamus",2
"Callechelys guineensis",2
"Campostoma sp.",2
"Canthigaster amboinensis",2
"Canthigaster jactator",2
"Carcharhinus signatus",2
"Carcharhinus sp.",2
"Cataetyx laticeps",2
"Catostomus fumeiventris",2
"Catostomus insignis",2
"Catostomus platyrhynchus",2
"Catostomus plebeius",2
"Catostomus santaanae",2
"Caulolatilus intermedius",2
"Centrarchidae hybrid Chaenobryttus gulosus x Lepomis cyanellus?",2
"Centrarchidae hybrid Enneacanthus gloriosus x obesus?",2
"Centrarchidae hybrid Lepomis cyanellus x ?",2
"Centrarchidae hybrid Lepomis cyanellus x megalotis?",2
"Centropomus mexicanus",2
"Centropomus pectinatus",2
"Centropristis sp.",2
"Centropyge bispinosa",2
"Centropyge potteri",2
"Cephalopholis fulva",2
"Chaetodon citrinellus",2
"Chaetodon lunula",2
"Chaetodon ornatissimus",2
"Chaetodon quadrimaculatus",2
"Chaunax pictus",2
"Chlopsis dentatus",2
"Chromis insolata",2
"Chrosomus saylori",2
"Clevelandia ios",2
"Clinocottus embryum",2
"Clinocottus globiceps",2
"Cobitidae",2
"Conger cinereus",2
"Coptodon rendalli",2
"Coris gaimard",2
"Coryphopterus venezuelae",2
"Cottunculus microps",2
"Cottus baileyi",2
"Cottus pitensis",2
"Cottus sp.",2
"Crenichthys baileyi",2
"Ctenochaetus striatus",2
"Ctenogobius stigmaticus",2
"Cyclopterus lumpus",2
"Cyprinidae hybrid Chrosomus oreas x Nocomis leptocephalus?",2
"Cyprinidae hybrid Chrosomus oreas x Notropis chiliticus?",2
"Cyprinidae hybrid Clinostomus funduloides x Notropis chlorocephalus?",2
"Cyprinidae hybrid Cyprinella hybrid?",2
"Cyprinidae hybrid Luxilus albeolus x Nocomis?",2
"Cyprinidae hybrid Luxilus cornutus x Notropis rubellus?",2
"Cyprinidae hybrid Nocomis leptocephalus x ?",2
"Cyprinidae hybrid Nocomis micropogon x Rhinichthys cataractae?",2
"Cyprinidae hybrid Nocomis x ?",2
"Cyprinidae hybrid Notropis chlorocephalus x lutipinnis?",2
"Cyprinodon pecosensis",2
"Dallia pectoralis",2
"Dasyatis centroura",2
"Dasyatis kuhlii",2
"Dasyatis sp.",2
"Dasyatis zugei",2
"Decapterus tabl",2
"Dentex canariensis",2
"Dentex macrophthalmus",2
"Dermatolepis inermis",2
"Diaphus minax",2
"Diaphus rafinesquii",2
"Diapterus rhombeus",2
"Diplacanthopoma sp.",2
"Diplodus cervinus",2
"Diplodus sargus",2
"Dipturus batis",2
"Drepane longimana",2
"Drepane punctata",2
"Echeneidae",2
"Echidna catenata",2
"Echiophis intertinctus",2
"Ectreposebastes imus",2
"Eleutheronema tetradactylum",2
"Embiotoca lateralis",2
"Enchelycore sp.",2
"Entomacrodus striatus",2
"Entosphenus tridentatus",2
"Epigonus pectinifer",2
"Erimystax cahni",2
"Esocidae hybrid Esox americanus x niger?",2
"Etelis oculatus",2
"Etheostoma barbouri",2
"Etheostoma bison",2
"Etheostoma chermocki",2
"Etheostoma chienense",2
"Etheostoma douglasi",2
"Etheostoma etnieri",2
"Etheostoma lawrencei",2
"Etheostoma mihileze",2
"Etheostoma sanguifluum",2
"Etheostoma squamiceps",2
"Etheostoma starnesi",2
"Etheostoma tallapoosae",2
"Etheostoma tetrazonum",2
"Etheostoma uniporum",2
"Etmopterus virens",2
"Etropus sp.",2
"Eurypharynx pelecanoides",2
"Eustomias schmidti",2
"Evermannella sp.",2
"Exocoetidae",2
"Forcipiger flavissimus",2
"Fundulus bifax",2
"Fundulus cingulatus",2
"Fundulus julisia",2
"Fundulus pulvereus",2
"Fundulus stellifer",2
"Fundulus zebrinus",2
"Gadomus arcuatus",2
"Gambusia nobilis",2
"Gambusia speciosa",2
"Gastropsetta frontalis",2
"Glossogobius aureus",2
"Gobiodes broussonnetii",2
"Gomphosus varius",2
"Gonostomatidae",2
"Gordiichthys ergodes",2
"Grammicolepis brachiusculus",2
"Gymnachirus sp.",2
"Gymnachirus texae",2
"Haemulon chrysargyreum",2
"Halichoeres hortulanus",2
"Halichoeres radiatus",2
"Harengula humeralis",2
"Hemitaurichthys polylepis",2
"Heniochus varius",2
"Hippoglossoides elassodon",2
"Hololepis saludae",2
"Hybognathus placitus",2
"Hybopsis sp.",2
"Hyperoglyphe sp.",2
"Hypomesus transpacificus",2
"Hypophthalmichthys molitrix",2
"Hyporhamphus sp.",2
"Hyporthodus mystacinus",2
"Hysterocarpus traskii",2
"Ictalurus lupus",2
"Idiacanthus fasciola",2
"Ijimaia antillarum",2
"Jenkinsia lamprotaenia",2
"Jenkinsia majua",2
"Kyphosus vaigiensis",2
"Lactophrys bicaudalis",2
"Laemonema melanurum",2
"Lagocephalus sp.",2
"Lampadena sp.",2
"Lepidophanes gaussi",2
"Lepidophanes sp.",2
"Lepidopsetta bilineata",2
"Lepomis symmetricus",2
"Lepophidium brevibarbe",2
"Lepophidium staruophor",2
"Leptostomias bilobatus",2
"Lethrinus harak",2
"Limanda aspera",2
"Liopropoma aberrans",2
"Liparis florae",2
"Liparis inquilinus",2
"Liza parmata",2
"Lobianchia sp.",2
"Lophiodes reticulatus",2
"Lutjanus vitta",2
"Magnisudis atlantica",2
"Maurolicus sp.",2
"Meiacanthus kamoharai",2
"Melamphaes typhlops",2
"Melanogrammus aeglefinus",2
"Micropterus notius",2
"Micropterus treculii",2
"Microstomus pacificus",2
"Monomitopus agassizii",2
"Monopenchelys acuta",2
"Moringua sp.",2
"Morone sp.",2
"Mugil gyrans",2
"Muraena robusta",2
"Mycteroperca venenosa",2
"Mylocheilus caurinus",2
"Mylopharyngodon piceus",2
"Myoxocephalus polyacanthocephalus",2
"Myoxocephalus scorpius",2
"Myrophis sp.",2
"Neobythites sp.",2
"Neoepinnula orientalis",2
"Neoscopelus macrolepidotus",2
"Nezumia atlantica",2
"Notropis asperifrons",2
"Notropis cahabae",2
"Notropis girardi",2
"Notropis hypsilepis",2
"Notropis stilbius",2
"Noturus baileyi",2
"Noturus flavater",2
"Noturus phaeus",2
"Noturus taylori",2
"Ogcocephalus corniger",2
"Ogcocephalus cubifrons",2
"Ogcocephalus vespertilio",2
"Ogilbia sp.",2
"Oligocottus rubellio",2
"Oncorhynchus apache",2
"Ophichthus menezesi",2
"Ophidion nocomis",2
"Oreochromis niloticus",2
"Pagellus erythrinus",2
"Paracirrhites arcatus",2
"Parahollardia lineata",2
"Paralepis coregonoides",2
"Paranthias furcifer",2
"Pareques iwamotoi",2
"Pempheris schomburgkii",2
"Percina austroperca",2
"Percina brucethompsoni",2
"Percina cymatotaenia",2
"Percina kathae",2
"Percina williamsi",2
"Phanerodon furcatus",2
"Pholis laeta",2
"Pholis ornata",2
"Pholis schultzi",2
"Platycephalidae",2
"Pleuronectiformes",2
"Poecilia gillii",2
"Polymixia nobilis",2
"Pomacentrus sp.",2
"Porichthys notatus",2
"Priacanthus fitchi",2
"Priacanthus sp.",2
"Priacanthus zaiserae",2
"Priapichthys annectens",2
"Prionotus punctatus",2
"Prognichthys gibbifrons",2
"Prolatilus jugularis",2
"Psenes sp.",2
"Pseudocaranx dentex",2
"Pseudomyrophis fugesae",2
"Pseudomyrophis nimius",2
"Pseudoscopelus scriptus",2
"Pterycombus brama",2
"Ptychocheilus umpquae",2
"Puntius conchonius",2
"Pygocentrus sp.",2
"Pygoplites diacanthus",2
"Raja binoculata",2
"Raja sp.",2
"Rastrelliger kanagurda",2
"Remora brachyptera",2
"Rhinecanthus rectangulus",2
"Rhinichthys falcatus",2
"Salvelinus alpinus",2
"Salvelinus namaycush",2
"Sargocentron sp.",2
"Scaphirhynchus albus",2
"Scardinius erythrophthalmus",2
"Scartella cristata",2
"Scomberomorus regalis",2
"Scorpaena albifimbria",2
"Scorpaenodes caribbaeus",2
"Scorpaenodes guamensis",2
"Scorpaenopsis possi",2
"Sebastes fasciatus",2
"Sebastes marinus",2
"Sebastes melanops",2
"Serraniculus pumilio",2
"Serranus annularis",2
"Serranus atricauda",2
"Serrivomer sp.",2
"Sillago sihama",2
"Sphoeroides parvus",2
"Sphyraena picudilla",2
"Sphyrna mokarran",2
"Spondyliosoma cantharus",2
"Squalus mitsukurii",2
"Stegastes rectifraenum",2
"Stegastes variabilis",2
"Stemonosudis intermedia",2
"Strongylura strongylura",2
"Symphurus atricaudus",2
"Symphysanodon berryi",2
"Synaphobranchus oregoni",2
"Syngnathus leptorhynchus",2
"Synodus variegatus",2
"Taratichthys longipinnis",2
"Tetraodontidae",2
"Thalassoma quinquevittatum",2
"Thunnus atlanticus",2
"Triakis semifasciata",2
"Triglops pingelii",2
"Trinectes inscriptus",2
"Tylosurus sp.",2
"Typhlichthys subterraneus",2
"Uraspis secunda",2
"Urobatis halleri",2
"Urophycis tenuis",2
"Xanthichthys ringens",2
"Xeneretmus latifrons",2
"Xeneretmus triacanthus",2
"Xenodermichthys copei",2
"Xiphister atropurpureus",2
"Zaniolepis latipinnis",2
"Zebrasoma flavescens",2
"Abramis brama",1
"Abudefduf abdominalis",1
"Abudefduf declivifrons",1
"Abudefduf troschelii",1
"Acanthemblemaria spinosa",1
"Acanthochaenus luetkenii",1
"Acanthocobitis zonalternans",1
"Acanthonus armatus",1
"Acanthopagrus berda",1
"Acanthuridae",1
"Acanthurus achilles",1
"Acanthurus coeruleus",1
"Acanthurus lineatus",1
"Acanthurus olivaceus",1
"Acentrogobius cyanomos",1
"Acentrogobius nebulosus",1
"Achirus mazatlanus",1
"Acipenser medirostris",1
"Acipenser transmontanus",1
"Acreichthys tomentosus",1
"Aetomylaeus maculatus",1
"Agonopsis sterletus",1
"Agonopsis vulsa",1
"Alburnus alburnus",1
"Alepes vari",1
"Alepisaurus brevirostris",1
"Alepocephalidae",1
"Amatitlania nigrofasciata",1
"Ambassis miops",1
"Ambassis nalua",1
"Amblycirrhitus pinos",1
"Amblyglyphidodon curacao",1
"Amblygobius phalaena",1
"Amblyopsis spelaea",1
"Ammodytes hexapterus",1
"Amphilius sp.",1
"Amphilophus bussingi",1
"Amphiprion clarkii",1
"Amphistichus koelzi",1
"Amphistichus rhodoterus",1
"Anarhichas lupus",1
"Anchoa lamprotaenia",1
"Anguilla marmorata",1
"Anisotremus davidsonii",1
"Anodontostoma chacunda",1
"Anoplarchus insignis",1
"Anoxypristis cuspidata",1
"Anthias woodsi",1
"Antigonia combatia",1
"Apareiodon agmatos",1
"Aplochiton zebra",1
"Apocryptodon madurensis",1
"Apogon gouldi",1
"Apogon lachneri",1
"Apogonichthyoides timorensis",1
"Apristurus sp.",1
"Apsilus dentatus",1
"Archocentrus nigrofasciatus",1
"Argyripnus atlanticus",1
"Argyropelecus olfersii",1
"Ariomma melanum",1
"Ariosoma sp.",1
"Aristostomias tittmanni",1
"Arius sp.",1
"Arothron meleagris",1
"Artedius corallinus",1
"Aspidontus taeniatus",1
"Aspidophoroides monopterygius",1
"Astrapogon alutus",1
"Astronesthes sp.",1
"Atherina presbyter",1
"Atherinella chagresi",1
"Atherinopsis californiensis",1
"Atherion sp.",1
"Atropus atropos",1
"Aulorhynchus flavidus",1
"Aulostomus chinensis",1
"Badis sp.",1
"Bairdiella icistia",1
"Bairdiella sanctaeluciae",1
"Balistoides conspicillum",1
"Barbonymus gonionotus",1
"Barbonymus schwanenfeldii",1
"Barbus lineomaculatus",1
"Barbus radiatus",1
"Barbus trimaculatus",1
"Batasio havmolleri",1
"Bathophilus nigerrimus",1
"Bathophilus sp.",1
"Bathyanthias mexicanus",1
"Bathyclupea argentea",1
"Bathycongrus vicinalis",1
"Bathygadus macrops",1
"Bathygobius cocosensis",1
"Bathygobius ramosus",1
"Bathylagus euryops",1
"Bathypterois bigelowi",1
"Bathypterois viridensis",1
"Bathysaurus ferox",1
"Bathytyphlops sp.",1
"Bellator ribeiroi",1
"Bellottia apoda",1
"Bellottia cryptica",1
"Belonoperca chananaudi",1
"Bembrops macromma",1
"Bembrops sp.",1
"Benthosema sp.",1
"Beryx splendens",1
"Blepsias cirrhosus",1
"Bodianus diplotaenia",1
"Bollmannia sp.",1
"Boops boops",1
"Bovichtus variegatus",1
"Brachyhypopomus occidentalis",1
"Brachyistius frenatus",1
"Branchiostegus doliatus",1
"Branchiostoma caribaeum",1
"Breviraja colesi",1
"Breviraja spinosa",1
"Brevoortia gunteri",1
"Brycon guatemalensis",1
"Calamus penna",1
"Calamus pennatula",1
"Calamus proridens",1
"Callechelys sp.",1
"Callionymus hindsii",1
"Callogobius okinawae",1
"Cantherhines dumerilii",1
"Cantherhines pardalis",1
"Canthidermis sp.",1
"Canthigaster bennetti",1
"Canthigaster coronata",1
"Canthigaster punctatissima",1
"Canthigaster solandri",1
"Canthigaster valentini",1
"Carangoides armatus",1
"Carangoides caeruleopinnatus",1
"Carangoides hedlandensis",1
"Carangoides praeustus",1
"Carangoides talamparoides",1
"Caranx ignobilis",1
"Caranx melampygus",1
"Caranx sexfasciatus",1
"Caranx tille",1
"Carcharhinus altimus",1
"Carcharhinus amboinensis",1
"Carcharhinus perezii",1
"Careproctus ranula",1
"Caristius sp.",1
"Carpiodes sp.",1
"Catostomidae hybrid Catostomus commersonii x discobolus?",1
"Catostomidae hybrid Catostomus commersonii x plebeius?",1
"Catostomidae hybrid Erimyzon oblongus x sucetta?",1
"Catostomus microps",1
"Catostomus snyderi",1
"Centracanthidae",1
"Centrarchidae hybrid Centrarchus macropterus x Pomoxis nigromaculatus?",1
"Centrarchidae hybrid Lepomis auritus x ?",1
"Centrarchidae hybrid Lepomis auritus x gibbosus or macrochirus?",1
"Centrarchidae hybrid Lepomis auritus x marginatus?",1
"Centrarchidae hybrid Lepomis gibbosus x ?",1
"Centrarchidae hybrid Lepomis gibbosus x macrochirus or microlophus?",1
"Centrarchidae hybrid Lepomis gibbosus x megalotis?",1
"Centrarchidae hybrid Lepomis macrochirus x megalotis?",1
"Centrarchidae hybrid Micropterus dolomieu x punctulatus?",1
"Centriscus scutatus",1
"Centropomus parallelus",1
"Centropyge flavissima",1
"Centropyge heraldi",1
"Centropyge multispinis",1
"Centroscyllium fabricii",1
"Cephalopholis boenak",1
"Cephalopholis urodeta",1
"Ceratias holboelli",1
"Ceratias uranoscopus",1
"Cetonurus globiceps",1
"Chaetodon fremblii",1
"Chaetodon lunulatus",1
"Chaetodon mertensii",1
"Chaetodon multicinctus",1
"Chaetodon pelewensis",1
"Chaetodon plebeius",1
"Chaetodon rafflesii",1
"Chaetodon reticulatus",1
"Chaetodon trifascialis",1
"Chaetodon trifasciatus",1
"Chaetodon unimaculatus",1
"Channa aurantimaculata",1
"Channa gachua",1
"Channa maculata",1
"Channa micropeltes",1
"Channa striata",1
"Chanos chanos",1
"Chasmodes longimaxilla",1
"Chaunacidae",1
"Cheilodipterus macrodon",1
"Cheimarrhichthys fosteri",1
"Chelidonichthys kumu",1
"Chelmon rostratus",1
"Chelonodon patoca",1
"Chilomycterus reticulatus",1
"Chilorhinus suensonii",1
"Chiloscyllium griseum",1
"Chiloscyllium punctatum",1
"Chitala lopis",1
"Chitala ornata",1
"Chlopsis sp.",1
"Chlorophthalmus bicornis",1
"Chlorurus sordidus",1
"Chrionema sp.",1
"Chromis agilis",1
"Chromis limbata",1
"Chromis scotti",1
"Chromis viridis",1
"Chrosomus cumberlandensis",1
"Chrosomus neogaeus",1
"Chrysiptera sp.",1
"Chrysiptera unimaculata",1
"Cichlasoma octofasciatum",1
"Cichlidae",1
"Cirrhigaleus asper",1
"Cirrhinus microlepis",1
"Cirrhitichthys oxycephalus",1
"Cirrhitus pinnulatus",1
"Cirripectes variolosus",1
"Citharichthys gilberti",1
"Citharichthys sordidus",1
"Citharichthys xanthostigma",1
"Clarias macrocephalus",1
"Clinidae",1
"Clinocottus acuticeps",1
"Clupeiformes",1
"Clupeoides borneensis",1
"Coelorinchus caribbaeus",1
"Coelorinchus denticulatus",1
"Coelorinchus sp.",1
"Cololabis saira",1
"Conger conger",1
"Conger esculentus",1
"Congrogadus subducens",1
"Coregonus hoyi",1
"Coregonus nelsonii",1
"Coregonus nipigon",1
"Coregonus zenithicus",1
"Coris julis",1
"Coryphaenoides carapinus",1
"Coryphaenoides leptolepis",1
"Coryphaenoides rupestris",1
"Coryphaenoides sp.",1
"Coryphopterus sp.",1
"Corythoichthys haematopterus",1
"Corythoichthys intestinalis",1
"Cosmocampus albirostris",1
"Cottus asperrimus",1
"Cottus tenuis",1
"Cryptotomus roseus",1
"Crystallaria asprella",1
"Ctenochaetus binotatus",1
"Ctenogobius fasciatus",1
"Cubiceps gracilis",1
"Cyclocheilichthys enoplos",1
"Cyclopsetta chittendeni",1
"Cyclothone kobayashii",1
"Cyematidae",1
"Cynoglossus puncticeps",1
"Cynoglossus sp.",1
"Cyprinella gibbsi",1
"Cyprinidae hybrid Campostoma anomalum x Luxilus albeolus?",1
"Cyprinidae hybrid Campostoma anomalum x Nocomis leptocephalus?",1
"Cyprinidae hybrid Campostoma anomalum x Nocomis micropogon?",1
"Cyprinidae hybrid Campostoma oligolepis x Clinostomus funduloides?",1
"Cyprinidae hybrid Campostoma x Nocomis?",1
"Cyprinidae hybrid Chrosomus oreas x Notropis scabriceps?",1
"Cyprinidae hybrid Chrosomus oreas x Rhinichthys atratulus?",1
"Cyprinidae hybrid Chrosomus x Semotilus?",1
"Cyprinidae hybrid Clinostomus funduloides x ?",1
"Cyprinidae hybrid Clinostomus funduloides x Luxilus coccogenis?",1
"Cyprinidae hybrid Clinostomus funduloides x Notropis lutipinnis?",1
"Cyprinidae hybrid Clinostomus funduloides x Notropis sp. (cf. lutipinnis)?",1
"Cyprinidae hybrid Clinostomus sp. Smoky Dace x Luxilus coccogenis?",1
"Cyprinidae hybrid Clinostomus x Semotilus?",1
"Cyprinidae hybrid Cyprinella analostana x chloristia x nivea?",1
"Cyprinidae hybrid Cyprinella analostana x lutrensis?",1
"Cyprinidae hybrid Cyprinella galactura x Luxilus coccogenis?",1
"Cyprinidae hybrid Cyprinella galactura x Notropis?",1
"Cyprinidae hybrid Cyprinella lutrensis x venusta?",1
"Cyprinidae hybrid Cyprinella nivea x zanema?",1
"Cyprinidae hybrid Gila pandora x Rhinichthys cataractae?",1
"Cyprinidae hybrid Gila robusta x Ptychocheilus lucius?",1
"Cyprinidae hybrid Lavinia exilicauda x Orthodon microlepidotus?",1
"Cyprinidae hybrid Luxilus albeolus x Nocomis raneyi?",1
"Cyprinidae hybrid Luxilus albeolus x Notropis amoenus?",1
"Cyprinidae hybrid Luxilus albeolus x Notropis leuciodus?",1
"Cyprinidae hybrid Luxilus albeolus x Notropis photogenis?",1
"Cyprinidae hybrid Luxilus coccogenis x Nocomis leptocephalus?",1
"Cyprinidae hybrid Luxilus coccogenis x Notropis leuciodus?",1
"Cyprinidae hybrid Luxilus coccogenis x Notropis rubricroceus?",1
"Cyprinidae hybrid Luxilus x ?",1
"Cyprinidae hybrid Luxilus zonatus x Notropis nubilis?",1
"Cyprinidae hybrid Lythrurus matutinus x Notropis altipinnis?",1
"Cyprinidae hybrid Nocomis leptocephalus x Notropis chiliticus?",1
"Cyprinidae hybrid Nocomis leptocephalus x Semotilus atromaculatus?",1
"Cyprinidae hybrid Notropis chiliticus x ?",1
"Cyprinidae hybrid Notropis chiliticus x Semotilus atromaculatus?",1
"Cyprinidae hybrid Notropis rubricroceus x spectrunculus?",1
"Cyprinidae hybrid Rhinichthys cataractae x umatilla?",1
"Cyprinodon bovinus",1
"Cyprinodon elegans",1
"Cyprinodon macularius",1
"Cyprinodon radiosus",1
"Cyprinodon rubrofluviatilis",1
"Cyprinodon tularosa",1
"Cyprinodontiformes",1
"Cypselurus sp.",1
"Cyttopsis rosea",1
"Dactylopteridae",1
"Dactyloscopus crossotus",1
"Danio kerri",1
"Dasyatidae",1
"Dasyatis bennettii",1
"Dasyatis laosensis",1
"Dasyatis margarita",1
"Decapterus russelli",1
"Dendrophysa russelii",1
"Dentex gibbosus",1
"Dermogenys siamensis",1
"Devario regina",1
"Dicrolene kanazawai",1
"Dionda diaboli",1
"Dionda episcopa",1
"Dionda nigrotaeniata",1
"Diplodus vulgaris",1
"Dipturus laevis",1
"Diretmus argenteus",1
"Dysomma proboscideus",1
"Dysommina rugosa",1
"Echeneis neucratoides",1
"Echeneis sp.",1
"Echidna nebulosa",1
"Echinorhinus brucus",1
"Elassoma alabamae",1
"Elassoma gilberti",1
"Electrona risso",1
"Electrophorus electricus",1
"Elops sp.",1
"Embassichthys bathybius",1
"Embiotoca jacksoni",1
"Encrasicholina punctifer",1
"Engraulis mordax",1
"Enophrys bison",1
"Epibulus insidiator",1
"Epigonus denticulatus",1
"Epigonus oligolepis",1
"Epinephelus areolatus",1
"Epinephelus bontoides",1
"Epinephelus corallicola",1
"Epinephelus costae",1
"Epinephelus heniochus",1
"Epinephelus hexagonatus",1
"Epinephelus itajara",1
"Epinephelus labriformis",1
"Epinephelus merra",1
"Epinephelus polyphekadion",1
"Epinephelus sexfasciatus",1
"Eptatretus stoutii",1
"Equetus sp.",1
"Equulites stercorarius",1
"Eremichthys acros",1
"Eridacnis barbouri",1
"Erimystax harryi",1
"Erimystax sp.",1
"Escualosa thoracata",1
"Esomus metallicus",1
"Esox sp.",1
"Etheostoma aquali",1
"Etheostoma autumnale",1
"Etheostoma barrenense",1
"Etheostoma bellator",1
"Etheostoma boschungi",1
"Etheostoma brevirostrum",1
"Etheostoma burri",1
"Etheostoma colorosum",1
"Etheostoma ditrema",1
"Etheostoma fonticola",1
"Etheostoma fragi",1
"Etheostoma kantuckeense",1
"Etheostoma lachneri",1
"Etheostoma lemniscatum",1
"Etheostoma marmorpinnum",1
"Etheostoma neopterum",1
"Etheostoma oophylax",1
"Etheostoma percnurum",1
"Etheostoma phytophilum",1
"Etheostoma punctulatum",1
"Etheostoma rafinesquei",1
"Etheostoma ramseyi",1
"Etheostoma saludae",1
"Etheostoma sitikuense",1
"Etheostoma striatulum",1
"Etheostoma trisella",1
"Etheostoma virgatum",1
"Etheostoma wapiti",1
"Etmopterus bigelowi",1
"Etmopterus princeps",1
"Etrumeus sadina",1
"Eumicrotremus spinosus",1
"Eusphyra blochii",1
"Eustomias lipochirus",1
"Eustomias longibarba",1
"Eustomias obscurus",1
"Evermannella melanoderma",1
"Evoxymetopon taeniatus",1
"Exocoetus volitans",1
"Facciolella sp.",1
"Favonigobius reichei",1
"Fenestraja ishiyamai",1
"Fenestraja sp.",1
"Forcipiger longirostris",1
"Forsterygion nigripenne",1
"Forsterygion varium",1
"Fowleria marmorata",1
"Fundulus escambiae",1
"Fundulus euryzonus",1
"Gadus macrocephalus",1
"Gaidropsarus ensis",1
"Gambusia geiseri",1
"Gasteropelecus maculatus",1
"Gempylidae",1
"Gerres sp.",1
"Gibbonsia montereyensis",1
"Gila atraria",1
"Gila elegans",1
"Gila orcuttii",1
"Gila seminuda",1
"Glyptocephalus zachirus",1
"Gnathanodon speciosus",1
"Gnatholepis cauerensis",1
"Gnathonemus petersii",1
"Gnathophis bracheatopos",1
"Gobiesox papillifer",1
"Gobiesox sp.",1
"Gobiodon sp.",1
"Gobiopterus chuno",1
"Gordiichthys irretitus",1
"Gramma loreto",1
"Grammicolepididae",1
"Grammistops ocellatus",1
"Gymnocanthus galeatus",1
"Gymnocranius frenatus",1
"Gymnothorax albimarginatus",1
"Gymnothorax eurostus",1
"Gymnothorax flavimarginatus",1
"Gymnothorax funebris",1
"Gymnothorax gracilicauda",1
"Gymnothorax hubbsi",1
"Gymnothorax javanicus",1
"Gymnothorax meleagris",1
"Gymnothorax undulatus",1
"Gymnothorax unicolor",1
"Gymnura altavela",1
"Gymnura poecilura",1
"Gyrinocheilus aymonieri",1
"Haemulidae",1
"Haemulon flaviguttatum",1
"Haemulon sp.",1
"Halichoeres cyanocephalus",1
"Halichoeres ornatissimus",1
"Halosauropsis macrochir",1
"Harengula clupeola",1
"Hemanthias aureorubens",1
"Hemibagrus nemurus",1
"Hemichromis letourneuxi",1
"Hemilepidotus hemilepidotus",1
"Hemilepidotus spinosus",1
"Hemipristis elongata",1
"Hemiramphus unifasciatus",1
"Hemitripterus sp.",1
"Heniochus acuminatus",1
"Heniochus chrysostomus",1
"Heptranchias perlo",1
"Heros severus",1
"Heteroconger longissimus",1
"Heterodontus portusjacksoni",1
"Hexagrammos lagocephalus",1
"Hexagrammos octogrammus",1
"Hexanchus griseus",1
"Hilsa kelee",1
"Himantura bleekeri",1
"Himantura imbricata",1
"Himantura marginatus",1
"Himantura uarnak",1
"Hippoglossus hippoglossus",1
"Holacanthus passer",1
"Hologymnosus annulatus",1
"Hololepis barratti appalachia",1
"Hololepis thermophilus oligoporus",1
"Holtbyrnia sp.",1
"Homoloptera smithi",1
"Hoplobrotula gnathopus",1
"Hoplunnis similis",1
"Huso huso",1
"Hybognathus amarus",1
"Hybognathus argyritis",1
"Hybopsis lineapunctata",1
"Hydrolagus colliei",1
"Hymenocephalus billsam",1
"Hymenocephalus sp.",1
"Hymenogadus gracilis",1
"Hypentelium sp.",1
"Hyperprosopon ellipticum",1
"Hyphessobrycon panamensis",1
"Hypleurochilus bermudensis",1
"Hypoatherina valenciennei",1
"Hypoatherina villosa",1
"Hypoplectrus chlorurus",1
"Hypostomus sp.",1
"Ichthyapus ophioneus",1
"Ichthyomyzon unicuspis",1
"Ilisha kampeni",1
"Istiblennius bellus",1
"Istiblennius edentulus",1
"Istiblennius zebra",1
"Istiophorus sp.",1
"Isurus paucus",1
"Jenkinsia sp.",1
"Johnius sp.",1
"Kaupichthys nuchalis",1
"Kryptopterus geminus",1
"Kuhlia sandvicensis",1
"Labeo chrysophekadion",1
"Labeo cylindricus",1
"Labeo rohita",1
"Labrisomus guppyi",1
"Labrisomus kalisherae",1
"Labrisomus sp.",1
"Labroides dimidiatus",1
"Lactoria fornasini",1
"Lagocephalus lagocephalus",1
"Lampadena chavesi",1
"Lampetra richardsoni",1
"Lates calcarifer",1
"Leiognathidae",1
"Lepidocybium flavobrunneum",1
"Lepidogobius lepidus",1
"Lepidomeda copei",1
"Lepidopus altifrons",1
"Lepidotrigla multispinosa",1
"Lepophidium jeannae",1
"Lepophidium marmoratum",1
"Lestidiops jayakari",1
"Lethenteron camtschaticum",1
"Lethrinus lentjan",1
"Leucoraja sp.",1
"Lile stolifera",1
"Limanda ferruginea",1
"Liparis mucosus",1
"Liparis sp.",1
"Lipogenys gillii",1
"Lithognathus mormyrus",1
"Liza subviridis",1
"Liza tade",1
"Lophiodes monodi",1
"Lophius sp.",1
"Loricariidae",1
"Lumpenus maculatus",1
"Lumpenus sagitta",1
"Lutjanidae",1
"Lutjanus argentimaculatus",1
"Lutjanus argentiventris",1
"Lutjanus lutjanus",1
"Lutjanus malabaricus",1
"Lutjanus monostigma",1
"Lutjanus purpureus",1
"Lutjanus quinquelineatus",1
"Lutjanus vivanus",1
"Lycenchelys paxillus",1
"Lycodes esmarkii",1
"Lycothrissa crocodilus",1
"Lyopsetta exilis",1
"Lythrypnus elasson",1
"Macrhybopsis aestivalis",1
"Macrhybopsis gelida",1
"Macrognathus siamensis",1
"Macropharyngodon ornatus",1
"Macrozoarces americanus",1
"Malacanthidae",1
"Malacocephalus laevis",1
"Malacoctenus aurolineatus",1
"Malacoctenus gilli",1
"Malacoctenus sp.",1
"Malacoctenus triangulatus",1
"Malacoctenus versicolor",1
"Mastacembelus armatus",1
"Mastacembelus favus",1
"Matanui profundum",1
"Meda fulgida",1
"Megalaspis cordyla",1
"Melanostomias biseriatus",1
"Melanostomias valdiviae",1
"Melichthys niger",1
"Melichthys vidua",1
"Mesobola brevianalis",1
"Micralestis acutidens",1
"Microcanthus strigatus",1
"Microcottus sellaris",1
"Micrometrus minimus",1
"Microphis brachyurus",1
"Micropogonias furnieri",1
"Micropterus sp.",1
"Microspathodon chrysurus",1
"Microstoma microstoma",1
"Minous monodactylus",1
"Moapa coriacea",1
"Monomitopus magnus",1
"Moridae",1
"Moronidae hybrid Morone americana x chrysops?",1
"Mugil liza",1
"Mullidae",1
"Mulloidichthys flavolineatus",1
"Muraena augusti",1
"Muraena helena",1
"Muraenesox bagio",1
"Mycteroperca rosacea",1
"Myctophum punctatum",1
"Myliobatis californica",1
"Mylopharodon conocephalus",1
"Myoxocephalus octodecemspinosus",1
"Myoxocephalus sp.",1
"Myripristis kuntee",1
"Myripristis pralinia",1
"Myxine sp.",1
"Myxinidae",1
"Nannobrachium cf. cuprarium",1
"Nannobrachium sp.",1
"Narcine brunnea",1
"Narcine timlei",1
"Naso lituratus",1
"Nealotus tripes",1
"Nemadactylus macropterus",1
"Nemichthys sp.",1
"Nemipterus tambuloides",1
"Nemipterus thosaporni",1
"Neogobius fluviatilis",1
"Neogobius melanostomus",1
"Neolissochilus sp. (cf. soroides",1
"Neoniphon marianus",1
"Neoniphon sammara",1
"Neoopisthopterus tropicus",1
"Neoscombrops annectens",1
"Neosilurus hyrtlii",1
"Neosynchiropus ocellatus",1
"Nettastoma melanurum",1
"Nettenchelys sp.",1
"Nezumia longebarbata",1
"Nibea sp.",1
"Nocomis sp.",1
"Nomeidae",1
"Notolabrus celidotus",1
"Notopteridae",1
"Notropis anogenus",1
"Notropis bairdi",1
"Notropis braytoni",1
"Notropis candidus",1
"Notropis edwardraneyi",1
"Notropis jemezanus",1
"Notropis oxyrhynchus",1
"Notropis rupestris",1
"Notropis simus pecosensis",1
"Notropis topeka",1
"Noturus lachneri",1
"Noturus placidus",1
"Noturus stanauli",1
"Novumbra hubbsi",1
"Oblada melanura",1
"Odontostomops normalops",1
"Odonus niger",1
"Ogcocephalus declivirostris",1
"Ogilbia cayorum",1
"Oncorhynchus aguabonita",1
"Oncorhynchus keta",1
"Ophichthus ophis",1
"Ophidiiformes",1
"Ophidion antipholus",1
"Ophioblennius steindachneri",1
"Opisthoproctidae",1
"Opistognathus aurifrons",1
"Opistognathus sp.",1
"Opsanus pardus",1
"Opsaridium zambezense",1
"Oreochromis sp.",1
"Oreoglanis hypsiurus",1
"Orthodon microlepidotus",1
"Oryzias dancena",1
"Osteogeneiosus militaris",1
"Ostorhinchus cookii",1
"Ostorhinchus cyanosoma",1
"Ostorhinchus fasciatus",1
"Ostorhinchus nigrofasciatus",1
"Ostorhinchus novemfasciatus",1
"Ostorhinchus sp.",1
"Ostorhinchus taeniophorus",1
"Ostraciidae",1
"Otolithoides biauritus",1
"Oxycheilinus digramma",1
"Oxyeleotris marmorata",1
"Oxylebius pictus",1
"Oxymonacanthus longirostris",1
"Oxyurichthys microlepis",1
"Pagellus bellottii",1
"Pampus chinensis",1
"Pangasius larnaudii",1
"Pangio kuhlii",1
"Parabathymyrus oregoni",1
"Paracanthurus hepatus",1
"Parachromis loisellei",1
"Paracirrhites forsteri",1
"Paracirrhites hemistictus",1
"Paraclinus fasciatus",1
"Paralabrax maculatofasciatus",1
"Paralichthys oblongus",1
"Paraliparis sp.",1
"Parambassis siamensis",1
"Parapercis hexophtalma",1
"Parapercis sp.",1
"Parasphyraenops incisus",1
"Parastromateus niger",1
"Parazen pacificus",1
"Paroncheilus affinis",1
"Parupeneus barberinus",1
"Pegasus volitans",1
"Pelecus cultratus",1
"Peltorhamphus novaezeelandiae",1
"Pempheris oualensis",1
"Perca sp.",1
"Percidae hybrid Etheostoma collis x olmstedi?",1
"Percina antesella",1
"Percina apristis",1
"Percina brevicauda",1
"Percina jenkinsi",1
"Percina pantherina",1
"Percina sp.",1
"Percina stictogaster",1
"Percina suttkusi",1
"Percopsis transmontana",1
"Periophthalmus chrysospilos",1
"Peristedion sp.",1
"Pervagor janthinosoma",1
"Petrocephalus catostoma",1
"Petromyzon sp.",1
"Petrotyx sanguineus",1
"Phalacronotus micronemus",1
"Phenacoscorpius nebris",1
"Photonectes dinema",1
"Photonectes margarita",1
"Phtheirichthys lineatus",1
"Pimelodus sp. (cf. blochii",1
"Platax teira",1
"Platycephalus cultellatus",1
"Platycephalus indicus",1
"Plectorhinchus chaetodonoides",1
"Plectorhinchus mediterraneus",1
"Plectorhinchus vittatus",1
"Plectroglyphidodon imparipennis",1
"Plectrypops retrospinis",1
"Plesiops coeruleolineatus",1
"Pleuronectes putnami",1
"Pleuronichthys decurrens",1
"Pleuronichthys guttulatus",1
"Podothecus accipenserinus",1
"Poecilia sp.",1
"Poeciliidae",1
"Poecilopsetta sp.",1
"Pogonichthys macrolepidotus",1
"Polymixia berndti",1
"Polymixia sp.",1
"Pomacanthidae",1
"Pomacanthidae hybrid Holacanthus bermudensis x ciliaris?",1
"Pomacanthus imperator",1
"Pomacanthus navarchus",1
"Pomacanthus sexstriatus",1
"Pomacanthus xanthometopon",1
"Pomacentrus amboinensis",1
"Pomacentrus cuneatus",1
"Pomadasys incisus",1
"Pomoxis sp.",1
"Pontinus accraensis",1
"Porichthys myriaster",1
"Porogadus miles",1
"Poromitra megalops",1
"Praealticus natalis",1
"Priacanthus tayenus",1
"Priolepis hipoliti",1
"Prionotus beanii",1
"Prionotus paralatus",1
"Pristiapogon fraenatus",1
"Pristiapogon kallopterus",1
"Pristigenys meyeri",1
"Pristipomoides freemani",1
"Pristipomoides multidens",1
"Pristis zijsron",1
"Prognathodes aculeatus",1
"Prosopium gemmifer",1
"Protopterus aethiopicus",1
"Protopterus sp.",1
"Psammogobius biocellatus",1
"Psenes pellucidus",1
"Psettodes sp.",1
"Pseudapocryptes elongatus",1
"Pseudocheilinus octotaenia",1
"Pseudogramma gregoryi",1
"Pseudoscopelus altipinnis",1
"Pteraclis carolinus",1
"Ptereleotris calliura",1
"Pterocryptis torrentis",1
"Pteromylaeus bovinus",1
"Pteronotropis euryzonus",1
"Pterotolithus sp.",1
"Ptychocheilus lucius",1
"Puntius rhombeus",1
"Quassiremus ascensionis",1
"Quassiremus sp. (cf. ascensionis",1
"Rajella barnardi",1
"Rajella sp.",1
"Rasbora borapetensis",1
"Rasbora paviana",1
"Rastrelliger brachysoma",1
"Regalecus glesne",1
"Relictus solitarius",1
"Rexea prometheoides",1
"Rhamdia guatemalensis",1
"Rhinichthys evermanni",1
"Rhinichthys umatilla",1
"Rhinomuraena quaesita",1
"Rhinoptera adspersa",1
"Rhinoptera sewelli",1
"Richardsonius egregius",1
"Rivulus isthmensis",1
"Rypticus sp.",1
"Salmonidae hybrid Salmo trutta x Salvelinus fontinalis",1
"Salvelinus malma",1
"Samariscus triocellatus",1
"Sardinella albella",1
"Sardinella maderensis",1
"Sargocentron caudimaculatum",1
"Sargocentron ittodai",1
"Sargocentron microstoma",1
"Sargocentron praslin",1
"Sargocentron spiniferum",1
"Sargocentron violaceum",1
"Sarotherodon melanotheron",1
"Saurenchelys sp.",1
"Saurenchelys stylura",1
"Saurida gracilis",1
"Saurida normani",1
"Scaridae",1
"Scarus ghobban",1
"Scarus guacamaia",1
"Scarus hoefleri",1
"Scarus tricolor",1
"Scatophagus argus",1
"Schultzea beta",1
"Scolopsis monogramma",1
"Scomber australasicus",1
"Scomber japonicus",1
"Scomberoides commersonnianus",1
"Scomberoides lysan",1
"Scopelarchus guentheri",1
"Scopelarchus sp.",1
"Scopelogadus beanii",1
"Scopelogadus sp.",1
"Scopelosaurus mauli",1
"Scorpaena bergii",1
"Scorpaena elongata",1
"Scorpaena isthmensis",1
"Scorpaena maderensis",1
"Scorpaenopsis diabolus",1
"Scyliorhinus meadi",1
"Scyliorhinus torrei",1
"Sebastes macdonaldi",1
"Sebastes mystinus",1
"Sebastes paucispinis",1
"Sebastes sp.",1
"Secutor sp.",1
"Selar boops",1
"Serranus baldwini",1
"Serranus flaviventris",1
"Serranus luciopercanus",1
"Serranus subligarius",1
"Serranus tortugarum",1
"Serrasalmus rhombeus",1
"Serrasalmus sp.",1
"Sicydium adelum",1
"Sicydium gilberti",1
"Siganus canaliculatus",1
"Siganus spinus",1
"Silurichthys schneideri",1
"Sladenia shaefersi",1
"Snyderidia canina",1
"Solea ovata",1
"Sparidae",1
"Sparisoma aurofrenatum",1
"Sparisoma cretense",1
"Sparisoma radians",1
"Sparisoma rubripinne",1
"Sparisoma viride",1
"Sparus aurata",1
"Sparus pagrus",1
"Sparus sp.",1
"Sphoeroides annulatus",1
"Sphoeroides pachygaster",1
"Sphyraena putnamae",1
"Sphyrna sp.",1
"Sphyrna zygaena",1
"Spratelloides delicatulus",1
"Squalus sp.",1
"Squatina africana",1
"Stegastes albifasciatus",1
"Stegastes altus",1
"Stegastes diencaeus",1
"Stegastes fasciolatus",1
"Stegastes nigricans",1
"Stellerina xyosterna",1
"Stemonosudis bullisi",1
"Stenogobius genivittatus",1
"Stethojulis albovittata",1
"Stethojulis bandanensis",1
"Stigmatogobius sadanundio",1
"Stiphodon elegans",1
"Stolephorus baganensis",1
"Stomias longibarbatus",1
"Strongylura sp.",1
"Stylephorus chordatus",1
"Sudis hyalina",1
"Sufflamen verres",1
"Syacium micrurum",1
"Symbolophorus sp.",1
"Symphurus diomedeanus",1
"Symphysodon aequifasciatus",1
"Synagrops japonicus",1
"Synagrops pseudomicrolepis",1
"Synanceia verrucosa",1
"Synaptura commersonnii",1
"Synchiropus monacanthus",1
"Syngnathidae",1
"Syngnathus springeri",1
"Synodontis victoriae",1
"Synodus myops",1
"Synodus saurus",1
"Taaningichthys minimus",1
"Taeniamia fucata",1
"Talismania antillarum",1
"Tetrapturus albidus",1
"Thalassobathia sp.",1
"Thalassoma cf. bifasciatum",1
"Thalassoma grammaticum",1
"Thalassoma hardwicke",1
"Thunnus alalunga",1
"Thunnus thynnus",1
"Torpedo sp.",1
"Torpedo torpedo",1
"Toxotes chatareus",1
"Trachinotus ovatus",1
"Trachinotus rhodopus",1
"Trachurus picturatus",1
"Triacanthus sp.",1
"Trichogaster microlepis",1
"Trichopodus leerii",1
"Trichopsis vittata",1
"Trypauchen vagina",1
"Ulaema lefroyi",1
"Uranoscopus archionema",1
"Uraspis uraspis",1
"Urophycis sp.",1
"Uropterygius micropterus",1
"Valamugil perusii",1
"Valenciennea strigata",1
"Variola louti",1
"Ventrifossa macropogon",1
"Ventrifossa sp.",1
"Vinciguerria cf. poweriae",1
"Xenentodon sp.",1
"Xenomystax congroides",1
"Xiphophorus maculatus",1
"Xyrauchen texanus",1
"Xyrichtys splendens",1
"Zalembius rosaceus",1
"Zenarchopterus dunckeri",1
"Zenarchopterus ectuntio",1
"Zeus faber",1
"Zu cristatus",1
