"dwc.preparations","freq"
"EtOH - 1",49683
"IsOH - 1",36432
"EtOH - 2",18802
"IsOH - 2",12823
"EtOH - 3",10862
"EtOH - 4",7317
"IsOH - 3",6906
"EtOH - 5",5647
"IsOH - 4",4356
"EtOH - 6",4194
"skeleton - 1",3802
"EtOH - 7",3364
"IsOH - 5",3289
"EtOH - 8",2701
"IsOH - 6",2352
"",2318
"EtOH - 10",2274
"EtOH - 9",2237
"IsOH - 7",1800
"EtOH - 11",1606
"EtOH - 12",1531
"IsOH - 8",1432
"EtOH - 13",1308
"EtOH - 14",1189
"IsOH - 9",1188
"EtOH - 15",1142
"IsOH - 10",1133
"EtOH - 16",930
"IsOH - 11",841
"EtOH - 17",837
"EtOH - 20",800
"EtOH - 18",772
"IsOH - 12",745
"EtOH - 30",739
"EtOH - 19",653
"IsOH - 13",580
"IsOH - 14",551
"EtOH - 21",538
"EtOH - 25",538
"EtOH - 22",517
"IsOH - 15",517
"EtOH - 23",462
"EtOH - 24",462
"IsOH - 16",443
"EtOH - 26",397
"EtOH - 27",380
"IsOH - 17",365
"IsOH - 18",360
"EtOH - 28",349
"IsOH - 20",336
"IsOH - 19",334
"EtOH - 29",323
"EtOH - 32",291
"C&S - 1",289
"EtOH - 31",289
"EtOH - 33",284
"IsOH - 21",282
"EtOH - 35",278
"EtOH - 1; tissue - 1",270
"EtOH - 36",262
"skeleton - 2",259
"EtOH - 50",258
"EtOH - 1; tissue - 1; tissue - 1",252
"tissue - 1; EtOH - 1; tissue - 1",245
"EtOH - 34",244
"IsOH - 22",237
"EtOH - 40",230
"tissue - 1; tissue - 1; EtOH - 1",227
"IsOH - 24",225
"IsOH - 30",223
"EtOH - 39",216
"EtOH - 37",214
"IsOH - 23",205
"tissue - 1; tissue - 1; EtOH - 2",205
"tissue - 1; EtOH - 1",199
"EtOH - 38",195
"tissue - 1; tissue - 1; tissue - 1; tissue - 1more than 4 prep types",191
"IsOH - 25",189
"IsOH - 26",177
"EtOH - 41",171
"EtOH - 42",169
"EtOH - 44",169
"tissue - 1; tissue - 1; tissue - 1; tissue - 3more than 4 prep types",165
"EtOH - 43",164
"IsOH - 27",163
"EtOH - 46",155
"IsOH - 29",151
"EtOH - 49",142
"EtOH - 1; photo - 1",141
"EtOH - 100",140
"IsOH - 28",137
"tissue - 1; tissue - 1; EtOH - 3",137
"EtOH - 48",135
"EtOH - 45",134
"IsOH - 34",132
"IsOH - 31",127
"IsOH - 35",124
"EtOH - 52",120
"IsOH - 33",117
"EtOH - 53",116
"EtOH - 60",116
"EtOH - 51",115
"IsOH - -1",114
"EtOH - 47",113
"IsOH - 36",111
"IsOH - 32",110
"skeleton - 3",109
"tissue - 1; tissue - 1; EtOH - 2; tissue - 2more than 4 prep types",107
"EtOH - 54",105
"tissue - 1; EtOH - 2",105
"IsOH - 37",102
"EtOH - 59",100
"tissue - 1; tissue - 1; tissue - 2; EtOH - 2more than 4 prep types",100
"IsOH - 39",96
"photo - 1; EtOH - 1",96
"EtOH - 58",95
"EtOH - 55",94
"EtOH - 63",93
"IsOH - 40",92
"IsOH - 38",89
"tissue - 1; tissue - 1; tissue - 2; EtOH - 3more than 4 prep types",88
"EtOH - 57",87
"tissue - 1; tissue - 1; EtOH - 4",86
"EtOH - 56",85
"EtOH - 61",81
"EtOH - 62",81
"IsOH - 41",81
"EtOH - 64",80
"EtOH - 75",78
"IsOH - 50",77
"EtOH - 1; EtOH - 1",75
"IsOH - 42",69
"EtOH - 69",68
"EtOH - 71",68
"photo - 1; EtOH - 2",67
"tissue - 1; tissue - 1; tissue - 2; EtOH - 4more than 4 prep types",67
"EtOH - 65",66
"IsOH - 47",66
"EtOH - 70",65
"EtOH - 74",65
"EtOH - 67",64
"IsOH - 46",64
"photo - 1",63
"IsOH - 49",62
"IsOH - 43",61
"IsOH - 45",61
"tissue - 1; EtOH - 3",61
"tissue - 1; tissue - 1; EtOH - 5",61
"C&S - 2",58
"IsOH - 44",58
"EtOH - 66",57
"EtOH - 80",57
"EtOH - 81",53
"EtOH - 82",53
"IsOH - 51",53
"IsOH - 55",53
"EtOH - 78",52
"IsOH - 48",52
"tissue - 1; EtOH - 4",52
"EtOH - 76",51
"EtOH - 73",50
"EtOH - 68",49
"tissue - 1; tissue - 1; tissue - 2; EtOH - 5more than 4 prep types",49
"EtOH - 72",48
"IsOH - 54",48
"IsOH - 60",48
"EtOH - 1; photo - 3",47
"photo - 1; EtOH - 3",46
"tissue - 1; tissue - 1; EtOH - 6",46
"EtOH - 79",45
"IsOH - 63",45
"tissue - 1; tissue - 1; tissue - 2; EtOH - 6more than 4 prep types",45
"EtOH - 83",44
"IsOH - 53",44
"IsOH - 59",44
"EtOH - 1; photo - 2",43
"EtOH - 85",43
"IsOH - 52",43
"skeleton - 4",43
"tissue - 1; tissue - 1; EtOH - 7",42
"EtOH - 200",41
"EtOH - 86",41
"IsOH - 57",41
"EtOH - 87",40
"EtOH - 90",40
"EtOH - 77",39
"EtOH - 89",39
"EtOH - 91",39
"IsOH - 56",39
"IsOH - 67",39
"C&S - 1; EtOH - 1",38
"IsOH - 70",38
"IsOH - 75",38
"EtOH - 97",37
"tissue - 1; tissue - 1; EtOH - 8",37
"EtOH - 93",36
"EtOH - 99",36
"IsOH - 58",36
"IsOH - 65",36
"EtOH - 104",35
"EtOH - 84",35
"IsOH - 62",34
"EtOH - 98",33
"IsOH - 68",33
"skeleton - 5",33
"EtOH - 120",32
"EtOH - 88",32
"EtOH - 102",31
"IsOH - 64",31
"IsOH - 66",31
"tissue - 1; tissue - 1; tissue - 1; photo - 2more than 4 prep types",31
"tissue - 1; tissue - 1; tissue - 2; EtOH - 8more than 4 prep types",31
"EtOH - 92",30
"EtOH - 95",30
"IsOH - 61",30
"IsOH - 76",30
"tissue - 1; EtOH - 5",30
"EtOH - 1; C&S - 1",29
"EtOH - 94",29
"IsOH - 73",29
"IsOH - 78",29
"tissue - 1; tissue - 1; EtOH - 9",29
"tissue - 1; tissue - 1; photo - 1; EtOH - 2more than 4 prep types",29
"tissue - 1; tissue - 1; tissue - 1; EtOH - 3more than 4 prep types",29
"EtOH - 150",28
"EtOH - 96",28
"IsOH - 85",28
"EtOH - 1; CT Scan - 1",27
"IsOH - 69",27
"IsOH - 71",27
"IsOH - 72",27
"IsOH - 79",27
"IsOH - 82",27
"IsOH - 81",26
"IsOH - 96",26
"EtOH - 111",25
"EtOH - 113",25
"EtOH - 119",25
"tissue no voucher - 1; photo - 1",25
"EtOH - 106",24
"EtOH - 109",24
"IsOH - 89",24
"skeleton - 6",24
"EtOH - 108",23
"EtOH - 130",23
"photo - 1; EtOH - 4",23
"tissue no UF voucher - 1; tissue no UF voucher - 1",23
"EtOH - 101",22
"EtOH - 107",22
"IsOH - 93",22
"photo - 1; tissue - 1; tissue - 1; tissue - 1more than 4 prep types",22
"photo - 2",22
"tissue - 1; EtOH - 1; photo - 1",22
"tissue - 1; tissue - 1; tissue - 1; photo - 1more than 4 prep types",22
"tissue - 1; tissue - 1; tissue - 2; EtOH - 7more than 4 prep types",22
"EtOH - 1; EtOH - 1; EtOH - 1; EtOH - 1more than 4 prep types",21
"EtOH - 1; photo - 1; tissue - 1",21
"EtOH - 125",21
"EtOH - 131",21
"EtOH - 134",21
"EtOH - 136",21
"IsOH - 74",21
"IsOH - 84",21
"IsOH - 95",21
"tissue - 1; tissue - 1; EtOH - 11",21
"EtOH - 1; EtOH - 2",20
"EtOH - 114",20
"EtOH - 115",20
"EtOH - 128",20
"EtOH - 129",20
"EtOH - 140",20
"IsOH - 1; IsOH - 1",20
"IsOH - 110",20
"IsOH - 92",20
"IsOH - 99",20
"tissue - 1; EtOH - 6",20
"tissue gift - 1; tissue gift - 1; tissue - 1; tissue - 1more than 4 prep types",20
"EtOH - 110",19
"IsOH - 100",19
"IsOH - 80",19
"IsOH - 94",19
"photo - 1; EtOH - 5",19
"tissue - 1; tissue - 1; EtOH - 10",19
"C&S - 1; EtOH - 3",18
"EtOH - 1; EtOH - 1; EtOH - 1",18
"EtOH - 1; tissue - 1; photo - 2",18
"EtOH - 121",18
"EtOH - 123",18
"EtOH - 126",18
"EtOH - 133",18
"IsOH - 102",18
"IsOH - 106",18
"IsOH - 77",18
"IsOH - 90",18
"IsOH - 91",18
"skeleton - 7",18
"tissue - 1; EtOH - 7",18
"tissue - 1; tissue - 1; EtOH - 13",18
"tissue - 1; tissue - 1; tissue - 2; EtOH - 9more than 4 prep types",18
"C&S - 3",17
"EtOH - 1; EtOH - 3",17
"EtOH - 146",17
"IsOH - 129",17
"IsOH - 87",17
"IsOH - 97",17
"photo - 1; tissue no voucher - 1",17
"tissue - 1; photo - 1; EtOH - 1",17
"tissue - 1; tissue - 1; EtOH - 12",17
"tissue - 1; tissue - 1; EtOH - 14",17
"tissue - 1; tissue - 1; tissue - 2; EtOH - 10more than 4 prep types",17
"EtOH - 1; tissue - 1; photo - 1",16
"EtOH - 124",16
"IsOH - 1; C&S - 1",16
"IsOH - 122",16
"IsOH - 83",16
"IsOH - 88",16
"tissue - 1; EtOH - 9",16
"tissue - 1; photo - 1; EtOH - 2",16
"C&S - 1; EtOH - 2",15
"EtOH - 105",15
"EtOH - 117",15
"EtOH - 118",15
"EtOH - 132",15
"EtOH - 149",15
"IsOH - 107",15
"IsOH - 120",15
"tissue - 1; tissue - 1; EtOH - 18",15
"tissue - 1; tissue - 1; tissue - 2; EtOH - 11more than 4 prep types",15
"tissue no UF voucher - 1",15
"EtOH - 112",14
"EtOH - 127",14
"EtOH - 139",14
"EtOH - 145",14
"EtOH - 161",14
"EtOH - 162",14
"IsOH - 1; EtOH - 1",14
"IsOH - 103",14
"IsOH - 112",14
"IsOH - 140",14
"photo - 1; EtOH - 1; tissue - 1",14
"skeleton - 1; EtOH - 1",14
"tissue - 1; tissue - 1; EtOH - 2; photo - 2more than 4 prep types",14
"tissue - 1; tissue - 1; tissue gift - 1; tissue gift - 1more than 4 prep types",14
"95% EtOH - 1",13
"EtOH - 1; EtOH - 4",13
"EtOH - 103",13
"EtOH - 137",13
"EtOH - 138",13
"EtOH - 153",13
"EtOH - 159",13
"EtOH - 160",13
"IsOH - 111",13
"IsOH - 123",13
"IsOH - 125",13
"IsOH - 135",13
"IsOH - 141",13
"tissue - 1; EtOH - 1; photo - 2",13
"tissue - 1; EtOH - 10",13
"C&S - 1; EtOH - 7",12
"CT Scan - 1; EtOH - 1",12
"EtOH - 116",12
"EtOH - 122",12
"EtOH - 203",12
"IsOH - 105",12
"IsOH - 108",12
"IsOH - 119",12
"IsOH - 121",12
"IsOH - 124",12
"IsOH - 132",12
"IsOH - 156",12
"IsOH - 86",12
"photo - 1; EtOH - 6",12
"tissue - 1; photo - 1; tissue - 1; EtOH - 2more than 4 prep types",12
"EtOH - 135",11
"EtOH - 142",11
"EtOH - 143",11
"EtOH - 148",11
"EtOH - 151",11
"EtOH - 193",11
"IsOH - 1; IsOH - 2",11
"IsOH - 1; photo - 3",11
"IsOH - 117",11
"IsOH - 118",11
"IsOH - 136",11
"IsOH - 98",11
"photo - 1; tissue - 1; EtOH - 2",11
"skeleton - 8",11
"tissue - 1; tissue - 1; tissue - 2; EtOH - 12more than 4 prep types",11
"C&S - 1; EtOH - 4",10
"C&S - 1; IsOH - 1",10
"C&S - 1; IsOH - 2",10
"C&S - 1; IsOH - 5",10
"CT Scan - 1; EtOH - 2",10
"CT Scan - 1; EtOH - 3",10
"EtOH - 1; EtOH - 5",10
"EtOH - 144",10
"EtOH - 155",10
"EtOH - 158",10
"EtOH - 167",10
"EtOH - 176",10
"EtOH - 178",10
"EtOH - 180",10
"EtOH - 196",10
"EtOH - 2; EtOH - 3",10
"IsOH - 101",10
"IsOH - 128",10
"IsOH - 137",10
"IsOH - 138",10
"IsOH - 157",10
"IsOH - 167",10
"IsOH - 217",10
"photo - 1; tissue - 1; tissue - 1; EtOH - 2more than 4 prep types",10
"photo - 3",10
"tissue - 1; tissue - 1; tissue - 2; EtOH - 13more than 4 prep types",10
"tissue - 1; tissue - 1; tissue - 2; EtOH - 17more than 4 prep types",10
"tissue no voucher - 1",10
"C&S - 1; EtOH - 9",9
"CT Scan - 1; photo - 1; EtOH - 1",9
"EtOH - 1; skeleton - 1",9
"EtOH - 1; tissue - 1; tissue gift - 1",9
"EtOH - 164",9
"EtOH - 168",9
"EtOH - 185",9
"EtOH - 194",9
"IsOH - 104",9
"IsOH - 113",9
"IsOH - 116",9
"IsOH - 130",9
"IsOH - 131",9
"IsOH - 144",9
"IsOH - 145",9
"IsOH - 152",9
"IsOH - 200",9
"photo - 1; EtOH - 7",9
"photo - 1; EtOH - 8",9
"photo - 1; tissue - 1; EtOH - 1",9
"tissue - 1; EtOH - 8",9
"tissue - 1; tissue - 1; photo - 1; tissue - 1more than 4 prep types",9
"tissue - 1; tissue - 1; photo - 1; tissue - 2more than 4 prep types",9
"tissue no UF voucher - 1; EtOH - 1; tissue - 1",9
"tissue no voucher - 1; tissue no voucher - 1; photo - 2",9
"C&S - 1; EtOH - 5",8
"C&S - 1; IsOH - 6",8
"EtOH - 1; IsOH - 1",8
"EtOH - 152",8
"EtOH - 165",8
"EtOH - 172",8
"EtOH - 174",8
"EtOH - 226",8
"EtOH - 250",8
"EtOH - 300",8
"EtOH - 500",8
"IsOH - 109",8
"IsOH - 115",8
"IsOH - 133",8
"IsOH - 143",8
"IsOH - 147",8
"IsOH - 148",8
"IsOH - 155",8
"IsOH - 159",8
"IsOH - 174",8
"IsOH - 214",8
"photo - 2; EtOH - 3",8
"tissue - 1; tissue - 1; EtOH - 15",8
"tissue - 1; tissue - 1; EtOH - 23",8
"tissue - 1; tissue - 1; tissue - 1; EtOH - 2more than 4 prep types",8
"tissue - 1; tissue - 1; tissue - 1; EtOH - 5more than 4 prep types",8
"tissue - 1; tissue - 1; tissue - 1; photo - 3more than 4 prep types",8
"tissue - 1; tissue - 1; tissue - 2; EtOH - 20more than 4 prep types",8
"C&S - 1; EtOH - 8",7
"C&S - 1; IsOH - 3",7
"C&S - 2; EtOH - 2",7
"EtOH - 1; photo - 4",7
"EtOH - 141",7
"EtOH - 147",7
"EtOH - 154",7
"EtOH - 156",7
"EtOH - 157",7
"EtOH - 163",7
"EtOH - 170",7
"EtOH - 181",7
"EtOH - 184",7
"EtOH - 189",7
"EtOH - 197",7
"EtOH - 202",7
"EtOH - 204",7
"EtOH - 223",7
"EtOH - 230",7
"EtOH - 238",7
"IsOH - 1; photo - 1",7
"IsOH - 127",7
"IsOH - 153",7
"IsOH - 161",7
"IsOH - 164",7
"IsOH - 170",7
"IsOH - 172",7
"IsOH - 182",7
"IsOH - 183",7
"IsOH - 204",7
"IsOH - 500",7
"photo - 2; EtOH - 2",7
"skeleton - 1; IsOH - 1",7
"tissue - 1; EtOH - 14",7
"tissue - 1; photo - 1; tissue - 1; EtOH - 3more than 4 prep types",7
"tissue - 1; photo - 1; tissue - 1; tissue - 1more than 4 prep types",7
"tissue - 1; tissue - 1; EtOH - 19",7
"tissue - 1; tissue - 1; photo - 1; EtOH - 3more than 4 prep types",7
"tissue - 1; tissue - 1; photo - 2; EtOH - 4more than 4 prep types",7
"tissue - 1; tissue - 1; tissue - 2; EtOH - 15more than 4 prep types",7
"tissue - 1; tissue - 1; tissue - 2; EtOH - 16more than 4 prep types",7
"tissue gift - 1; tissue - 1; EtOH - 1",7
"tissue gift - 1; tissue - 1; tissue - 1; EtOH - 2more than 4 prep types",7
"tissue gift - 1; tissue - 1; tissue - 1; tissue - 1more than 4 prep types",7
"95% EtOH - 2",6
"C&S - 1; EtOH - 10",6
"C&S - 1; IsOH - 4",6
"CT Scan - 1; EtOH - 1; photo - 1",6
"EtOH - 1; CT Scan - 1; photo - 1",6
"EtOH - 1; EtOH - 1; EtOH - 1; EtOH - 1",6
"EtOH - 1; tissue - 1; tissue - 1; photo - 3more than 4 prep types",6
"EtOH - 175",6
"EtOH - 179",6
"EtOH - 182",6
"EtOH - 195",6
"EtOH - 198",6
"EtOH - 199",6
"EtOH - 2; EtOH - 2",6
"EtOH - 2; photo - 2",6
"EtOH - 2; photo - 3",6
"EtOH - 206",6
"EtOH - 207",6
"EtOH - 208",6
"EtOH - 215",6
"EtOH - 219",6
"EtOH - 220",6
"EtOH - 234",6
"EtOH - 237",6
"EtOH - 242",6
"EtOH - 251",6
"IsOH - 1; photo - 2",6
"IsOH - 114",6
"IsOH - 126",6
"IsOH - 134",6
"IsOH - 139",6
"IsOH - 142",6
"IsOH - 149",6
"IsOH - 171",6
"IsOH - 177",6
"IsOH - 187",6
"IsOH - 189",6
"IsOH - 190",6
"IsOH - 196",6
"IsOH - 2; IsOH - 2",6
"IsOH - 205",6
"IsOH - 216",6
"IsOH - 220",6
"IsOH - 250",6
"IsOH - 256",6
"photo - 1; EtOH - 12",6
"photo - 1; EtOH - 14",6
"photo - 1; EtOH - 9",6
"photo - 1; tissue - 1; tissue - 1; EtOH - 3more than 4 prep types",6
"photo - 1; tissue - 1; tissue - 1; tissue - 2more than 4 prep types",6
"photo - 2; EtOH - 7",6
"skeleton - 10",6
"tissue - 1; EtOH - 1; tissue gift - 1",6
"tissue - 1; EtOH - 11",6
"tissue - 1; EtOH - 12",6
"tissue - 1; EtOH - 15",6
"tissue - 1; EtOH - 27",6
"tissue - 1; photo - 1; EtOH - 3",6
"tissue - 1; tissue - 1; EtOH - 1; photo - 1more than 4 prep types",6
"tissue - 1; tissue - 1; EtOH - 17",6
"tissue - 1; tissue - 1; EtOH - 21",6
"tissue - 1; tissue - 1; EtOH - 22",6
"tissue - 1; tissue - 1; photo - 2; tissue - 2more than 4 prep types",6
"tissue - 1; tissue - 1; tissue - 1; CT Scan - 1more than 4 prep types",6
"tissue - 1; tissue - 1; tissue - 1; EtOH - 4more than 4 prep types",6
"tissue - 1; tissue - 1; tissue - 1; tissue gift - 1more than 4 prep types",6
"tissue - 1; tissue no UF voucher - 1; EtOH - 1",6
"tissue gift - 1; EtOH - 1; tissue - 1",6
"tissue no voucher - 1; photo - 2",6
"tissue; EtOH - 1",6
"95% EtOH - 5",5
"C&S - 1; IsOH - 11",5
"C&S - 2; EtOH - 6",5
"EtOH - 1; C&S - 2",5
"EtOH - 1; tissue - 1; photo - 1; tissue - 1more than 4 prep types",5
"EtOH - 1; tissue - 1; tissue - 1; photo - 1more than 4 prep types",5
"EtOH - 1; tissue - 1; tissue - 1; tissue - 1more than 4 prep types",5
"EtOH - 1; tissue gift - 1; tissue - 1; tissue - 1more than 4 prep types",5
"EtOH - 166",5
"EtOH - 169",5
"EtOH - 183",5
"EtOH - 186",5
"EtOH - 187",5
"EtOH - 190",5
"EtOH - 191",5
"EtOH - 201",5
"EtOH - 205",5
"EtOH - 211",5
"EtOH - 235",5
"EtOH - 243",5
"EtOH - 268",5
"EtOH - 275",5
"EtOH - 279",5
"EtOH - 285",5
"EtOH - 286",5
"EtOH - 360",5
"EtOH - 410",5
"EtOH - 448",5
"IsOH - 1; EtOH - 2",5
"IsOH - 1; skeleton - 1",5
"IsOH - 1000",5
"IsOH - 146",5
"IsOH - 151",5
"IsOH - 165",5
"IsOH - 169",5
"IsOH - 176",5
"IsOH - 178",5
"IsOH - 186",5
"IsOH - 202",5
"IsOH - 206",5
"IsOH - 207",5
"IsOH - 223",5
"IsOH - 226",5
"IsOH - 227",5
"IsOH - 229",5
"IsOH - 232",5
"IsOH - 237",5
"IsOH - 270",5
"IsOH - 286",5
"IsOH - 300",5
"IsOH - 308",5
"IsOH - 314",5
"non-genetic subsample - 1; EtOH - 1",5
"photo - 2; EtOH - 4",5
"photo - 4",5
"skeleton - 14",5
"tissue - 1",5
"tissue - 1; EtOH - 1; tissue - 1; photo - 1more than 4 prep types",5
"tissue - 1; EtOH - 1; tissue - 1; photo - 23more than 4 prep types",5
"tissue - 1; EtOH - 1; tissue - 1; tissue gift - 1more than 4 prep types",5
"tissue - 1; EtOH - 17",5
"tissue - 1; photo - 1; EtOH - 1; tissue - 1more than 4 prep types",5
"tissue - 1; photo - 1; tissue - 1; EtOH - 1more than 4 prep types",5
"tissue - 1; tissue - 1; EtOH - 1; tissue - 2more than 4 prep types",5
"tissue - 1; tissue - 1; EtOH - 16",5
"tissue - 1; tissue - 1; EtOH - 39",5
"tissue - 1; tissue - 1; photo - 1; EtOH - 4more than 4 prep types",5
"tissue - 1; tissue - 1; photo - 2; EtOH - 3more than 4 prep types",5
"tissue - 1; tissue - 1; tissue - 1; EtOH - 10more than 4 prep types",5
"tissue - 1; tissue - 1; tissue - 1; EtOH - 1more than 4 prep types",5
"tissue - 1; tissue - 1; tissue - 1; EtOH - 7more than 4 prep types",5
"tissue - 1; tissue - 1; tissue - 1; photo - 4more than 4 prep types",5
"tissue - 1; tissue - 1; tissue - 2; EtOH - 19more than 4 prep types",5
"tissue - 1; tissue - 1; tissue - 2; EtOH - 2",5
"tissue - 1; tissue - 1; tissue - 2; EtOH - 25more than 4 prep types",5
"tissue - 1; tissue - 1; tissue - 2; EtOH - 26more than 4 prep types",5
"tissue - 1; tissue - 1; tissue - 2; EtOH - 27more than 4 prep types",5
"tissue - 1; tissue - 1; tissue - 2; EtOH - 3",5
"tissue - 1; tissue - 1; tissue - 2; photo - 2more than 4 prep types",5
"tissue - 1; tissue gift - 1; EtOH - 2",5
"tissue - 2; EtOH - 3",5
"tissue gift - 1; photo - 1; tissue - 1; tissue - 1more than 4 prep types",5
"C&S - 1; EtOH - 11",4
"C&S - 1; IsOH - 24",4
"C&S - 1; IsOH - 7",4
"C&S - 1; IsOH - 8",4
"C&S - 2; EtOH - 23",4
"C&S - 2; EtOH - 4",4
"EtOH - 1; EtOH - 7",4
"EtOH - 1; photo - 5",4
"EtOH - 1; tissue - 1; tissue - 1; photo - 4more than 4 prep types",4
"EtOH - 1; tissue - 1; tissue - 1; tissue - 2more than 4 prep types",4
"EtOH - 1; tissue gift - 1; tissue - 1",4
"EtOH - 1; tissue no UF voucher - 1",4
"EtOH - 1000",4
"EtOH - 171",4
"EtOH - 173",4
"EtOH - 188",4
"EtOH - 209",4
"EtOH - 212",4
"EtOH - 217",4
"EtOH - 225",4
"EtOH - 228",4
"EtOH - 239",4
"EtOH - 241",4
"EtOH - 247",4
"EtOH - 252",4
"EtOH - 257",4
"EtOH - 258",4
"EtOH - 259",4
"EtOH - 265",4
"EtOH - 276",4
"EtOH - 282",4
"EtOH - 288",4
"EtOH - 289",4
"EtOH - 290",4
"EtOH - 292",4
"EtOH - 294",4
"EtOH - 296",4
"EtOH - 3; C&S - 3",4
"EtOH - 3; EtOH - 3",4
"EtOH - 305",4
"EtOH - 317",4
"EtOH - 319",4
"EtOH - 332",4
"EtOH - 361",4
"EtOH - 401",4
"IsOH - 1; IsOH - 4",4
"IsOH - 1; IsOH - 5",4
"IsOH - 1; IsOH - 6",4
"IsOH - 150",4
"IsOH - 154",4
"IsOH - 160",4
"IsOH - 163",4
"IsOH - 168",4
"IsOH - 175",4
"IsOH - 179",4
"IsOH - 180",4
"IsOH - 185",4
"IsOH - 192",4
"IsOH - 194",4
"IsOH - 195",4
"IsOH - 2; EtOH - 2",4
"IsOH - 201",4
"IsOH - 203",4
"IsOH - 208",4
"IsOH - 209",4
"IsOH - 212",4
"IsOH - 215",4
"IsOH - 219",4
"IsOH - 222",4
"IsOH - 234",4
"IsOH - 235",4
"IsOH - 242",4
"IsOH - 243",4
"IsOH - 249",4
"IsOH - 275",4
"IsOH - 276",4
"IsOH - 285",4
"IsOH - 288",4
"IsOH - 290",4
"IsOH - 371",4
"IsOH - 374",4
"photo - 1; EtOH - 15",4
"photo - 1; EtOH - 17",4
"photo - 1; IsOH - 1",4
"photo - 1; tissue - 1",4
"skeleton - 1; IsOH - 2",4
"skeleton - 11",4
"skeleton - 12",4
"tissue - 1; EtOH - 1; photo - 1; tissue - 1more than 4 prep types",4
"tissue - 1; EtOH - 1; tissue - 1; photo - 24more than 4 prep types",4
"tissue - 1; photo - 1",4
"tissue - 1; photo - 1; EtOH - 4",4
"tissue - 1; photo - 1; EtOH - 7",4
"tissue - 1; photo - 2",4
"tissue - 1; tissue - 1; CT Scan - 1; photo - 1more than 4 prep types",4
"tissue - 1; tissue - 1; CT Scan - 1; tissue - 2more than 4 prep types",4
"tissue - 1; tissue - 1; EtOH - 1; photo - 7more than 4 prep types",4
"tissue - 1; tissue - 1; EtOH - 2; tissue - 2",4
"tissue - 1; tissue - 1; EtOH - 20",4
"tissue - 1; tissue - 1; EtOH - 27",4
"tissue - 1; tissue - 1; EtOH - 34",4
"tissue - 1; tissue - 1; photo - 1; CT Scan - 1more than 4 prep types",4
"tissue - 1; tissue - 1; photo - 1; EtOH - 1more than 4 prep types",4
"tissue - 1; tissue - 1; photo - 2; EtOH - 2more than 4 prep types",4
"tissue - 1; tissue - 1; tissue - 1; EtOH - 16more than 4 prep types",4
"tissue - 1; tissue - 1; tissue - 1; tissue - 2more than 4 prep types",4
"tissue - 1; tissue - 1; tissue - 2; C&S - 3more than 4 prep types",4
"tissue - 1; tissue - 1; tissue - 2; EtOH - 14more than 4 prep types",4
"tissue - 1; tissue - 1; tissue - 2; EtOH - 18more than 4 prep types",4
"tissue - 1; tissue - 1; tissue - 2; EtOH - 23more than 4 prep types",4
"tissue - 1; tissue gift - 1; EtOH - 4",4
"tissue no UF voucher - 1; EtOH - 1",4
"tissue no UF voucher - 1; tissue no UF voucher - 1; EtOH - 2",4
"95% EtOH - 3",3
"C&S - 1; C&S - 1",3
"C&S - 1; EtOH - 13",3
"C&S - 1; EtOH - 6",3
"C&S - 1; IsOH - 10",3
"C&S - 1; IsOH - 13",3
"C&S - 1; IsOH - 9",3
"C&S - 1; tissue - 1; tissue - 1; tissue - 1more than 4 prep types",3
"C&S - 2; EtOH - 14",3
"C&S - 2; EtOH - 17",3
"C&S - 2; EtOH - 22",3
"C&S - 2; EtOH - 7",3
"C&S - 2; IsOH - 2",3
"C&S - 2; IsOH - 3",3
"C&S - 3; EtOH - 28",3
"C&S - 4",3
"CT Scan - 1; EtOH - 4",3
"CT Scan - 1; EtOH - 5",3
"CT Scan - 1; photo - 1; EtOH - 10",3
"CT Scan - 1; photo - 1; EtOH - 2",3
"CT Scan - 1; photo - 1; EtOH - 4",3
"CT Scan - 1; tissue - 1; tissue - 1; tissue - 1more than 4 prep types",3
"EtOH - 1; EtOH - 11",3
"EtOH - 1; EtOH - 15",3
"EtOH - 1; EtOH - 8",3
"EtOH - 1; IsOH - 3",3
"EtOH - 1; photo - 1; tissue - 1; tissue - 1more than 4 prep types",3
"EtOH - 1; tissue - 1; photo - 11",3
"EtOH - 1; tissue - 1; photo - 3",3
"EtOH - 1; tissue - 1; tissue - 1; photo - 16more than 4 prep types",3
"EtOH - 1; tissue - 1; tissue - 1; photo - 19more than 4 prep types",3
"EtOH - 1; tissue no UF voucher - 1; tissue no UF voucher - 1",3
"EtOH - 177",3
"EtOH - 2; C&S - 2",3
"EtOH - 2; tissue - 2",3
"EtOH - 210",3
"EtOH - 213",3
"EtOH - 221",3
"EtOH - 222",3
"EtOH - 224",3
"EtOH - 231",3
"EtOH - 233",3
"EtOH - 240",3
"EtOH - 249",3
"EtOH - 256",3
"EtOH - 261",3
"EtOH - 267",3
"EtOH - 273",3
"EtOH - 277",3
"EtOH - 280",3
"EtOH - 283",3
"EtOH - 3; EtOH - 4",3
"EtOH - 315",3
"EtOH - 326",3
"EtOH - 327",3
"EtOH - 340",3
"EtOH - 341",3
"EtOH - 362",3
"EtOH - 363",3
"EtOH - 368",3
"EtOH - 398",3
"EtOH - 399",3
"EtOH - 400",3
"EtOH - 435",3
"EtOH - 452",3
"EtOH - 471",3
"EtOH - 499",3
"EtOH - 631",3
"EtOH - 7; EtOH - 7",3
"EtOH - 770",3
"IsOH - 1; IsOH - 3",3
"IsOH - 1; photo - 1; tissue - 1",3
"IsOH - 1; tissue - 1; tissue - 1",3
"IsOH - 158",3
"IsOH - 162",3
"IsOH - 173",3
"IsOH - 184",3
"IsOH - 188",3
"IsOH - 198",3
"IsOH - 199",3
"IsOH - 218",3
"IsOH - 228",3
"IsOH - 239",3
"IsOH - 244",3
"IsOH - 246",3
"IsOH - 259",3
"IsOH - 261",3
"IsOH - 263",3
"IsOH - 268",3
"IsOH - 269",3
"IsOH - 272",3
"IsOH - 273",3
"IsOH - 293",3
"IsOH - 295",3
"IsOH - 303",3
"IsOH - 324",3
"IsOH - 329",3
"IsOH - 332",3
"IsOH - 341",3
"IsOH - 352",3
"IsOH - 355",3
"IsOH - 358",3
"IsOH - 364",3
"IsOH - 377",3
"IsOH - 387",3
"IsOH - 395",3
"IsOH - 470",3
"IsOH - 541",3
"IsOH - 584",3
"photo - 1; CT Scan - 1; EtOH - 1",3
"photo - 1; EtOH - 10",3
"photo - 1; EtOH - 18",3
"photo - 1; EtOH - 22",3
"photo - 1; EtOH - 25",3
"photo - 1; IsOH - 2",3
"photo - 1; tissue - 1; EtOH - 1; tissue - 1more than 4 prep types",3
"photo - 1; tissue - 1; EtOH - 3",3
"photo - 1; tissue - 1; EtOH - 5",3
"photo - 1; tissue - 1; EtOH - 9",3
"photo - 1; tissue - 1; tissue - 1; EtOH - 11more than 4 prep types",3
"photo - 1; tissue - 1; tissue - 1; EtOH - 5more than 4 prep types",3
"photo - 1; tissue - 1; tissue - 1; EtOH - 8more than 4 prep types",3
"photo - 1; tissue - 1; tissue no UF voucher - 1; tissue - 1more than 4 prep types",3
"skeleton - 1; EtOH - 2",3
"skeleton - 15",3
"skeleton - 9",3
"tissue - 1; CT Scan - 1; tissue - 1; photo - 1more than 4 prep types",3
"tissue - 1; EtOH - 1; tissue - 1; photo - 19more than 4 prep types",3
"tissue - 1; EtOH - 13",3
"tissue - 1; EtOH - 16",3
"tissue - 1; EtOH - 21",3
"tissue - 1; EtOH - 22",3
"tissue - 1; EtOH - 23",3
"tissue - 1; photo - 1; EtOH - 11",3
"tissue - 1; photo - 1; EtOH - 8",3
"tissue - 1; photo - 1; EtOH - 9",3
"tissue - 1; photo - 2; EtOH - 2",3
"tissue - 1; tissue - 1; EtOH - 2; photo - 3more than 4 prep types",3
"tissue - 1; tissue - 1; EtOH - 25",3
"tissue - 1; tissue - 1; EtOH - 26",3
"tissue - 1; tissue - 1; EtOH - 28",3
"tissue - 1; tissue - 1; EtOH - 29",3
"tissue - 1; tissue - 1; EtOH - 32",3
"tissue - 1; tissue - 1; EtOH - 33",3
"tissue - 1; tissue - 1; IsOH - 1",3
"tissue - 1; tissue - 1; photo - 1; EtOH - 6more than 4 prep types",3
"tissue - 1; tissue - 1; photo - 2",3
"tissue - 1; tissue - 1; photo - 2; EtOH - 8more than 4 prep types",3
"tissue - 1; tissue - 1; tissue - 1; C&S - 1more than 4 prep types",3
"tissue - 1; tissue - 1; tissue - 1; EtOH - 11more than 4 prep types",3
"tissue - 1; tissue - 1; tissue - 1; EtOH - 14more than 4 prep types",3
"tissue - 1; tissue - 1; tissue - 1; EtOH - 6more than 4 prep types",3
"tissue - 1; tissue - 1; tissue - 1; EtOH - 9more than 4 prep types",3
"tissue - 1; tissue - 1; tissue - 2; C&S - 2more than 4 prep types",3
"tissue - 1; tissue - 1; tissue - 2; EtOH - 31more than 4 prep types",3
"tissue - 1; tissue - 1; tissue - 2; photo - 3more than 4 prep types",3
"tissue - 1; tissue - 1; tissue gift - 1; photo - 2more than 4 prep types",3
"tissue - 1; tissue gift - 1; EtOH - 3",3
"tissue gift - 1; tissue - 1; EtOH - 2",3
"tissue gift - 1; tissue - 1; EtOH - 5",3
"tissue gift - 1; tissue - 1; tissue - 1; EtOH - 3more than 4 prep types",3
"tissue no UF voucher - 1; tissue no UF voucher - 1; tissue no UF voucher - 1",3
"tissue no UF voucher - 1; tissue no UF voucher - 1; tissue no UF voucher - 1; tissue no UF voucher - 1more than 4 prep types",3
"95% EtOH - 1; tissue - 1",2
"95% EtOH - 10",2
"95% EtOH - 11",2
"95% EtOH - 14",2
"95% EtOH - 4",2
"95% EtOH - 6",2
"95% EtOH - 7",2
"C&S - 1; EtOH - 14",2
"C&S - 1; EtOH - 16",2
"C&S - 1; EtOH - 24",2
"C&S - 1; EtOH - 32",2
"C&S - 1; IsOH - 17",2
"C&S - 1; IsOH - 20",2
"C&S - 1; IsOH - 21",2
"C&S - 1; IsOH - 25",2
"C&S - 1; IsOH - 53",2
"C&S - 1; tissue - 1; tissue - 1; tissue - 2more than 4 prep types",2
"C&S - 2; EtOH - 10",2
"C&S - 2; EtOH - 18",2
"C&S - 2; EtOH - 19",2
"C&S - 2; EtOH - 20",2
"C&S - 2; EtOH - 21",2
"C&S - 2; EtOH - 3",2
"C&S - 2; EtOH - 8",2
"C&S - 2; IsOH - 18",2
"C&S - 2; IsOH - 20",2
"C&S - 2; IsOH - 22",2
"C&S - 2; IsOH - 5",2
"C&S - 2; IsOH - 6",2
"C&S - 2; IsOH - 9",2
"C&S - 20",2
"C&S - 24",2
"C&S - 3; EtOH - 3",2
"C&S - 3; EtOH - 4",2
"C&S - 3; EtOH - 9",2
"C&S - 3; IsOH - 13",2
"C&S - 4; EtOH - 15",2
"C&S - 7; EtOH - 8",2
"CT Scan - 1; EtOH - 12",2
"CT Scan - 1; EtOH - 6",2
"CT Scan - 1; tissue - 1; tissue - 1; photo - 2more than 4 prep types",2
"EtOH - -1",2
"EtOH - 1; CT Scan - 1; photo - 2",2
"EtOH - 1; EtOH - 1; EtOH - 11",2
"EtOH - 1; EtOH - 1; EtOH - 9",2
"EtOH - 1; EtOH - 1; tissue - 1; tissue - 1more than 4 prep types",2
"EtOH - 1; EtOH - 2; EtOH - 2",2
"EtOH - 1; EtOH - 23",2
"EtOH - 1; EtOH - 30",2
"EtOH - 1; EtOH - 32",2
"EtOH - 1; EtOH - 49",2
"EtOH - 1; IsOH - 2",2
"EtOH - 1; photo - 8",2
"EtOH - 1; tissue - 1; EtOH - 1",2
"EtOH - 1; tissue - 1; photo - 10",2
"EtOH - 1; tissue - 1; photo - 12",2
"EtOH - 1; tissue - 1; photo - 7",2
"EtOH - 1; tissue - 1; tissue - 1; photo - 17more than 4 prep types",2
"EtOH - 1; tissue - 1; tissue - 1; photo - 21more than 4 prep types",2
"EtOH - 1; tissue - 1; tissue gift - 1; tissue - 1more than 4 prep types",2
"EtOH - 1; tissue no UF voucher - 1; tissue gift - 1",2
"EtOH - 10; EtOH - 25",2
"EtOH - 1381",2
"EtOH - 2; C&S - 3",2
"EtOH - 2; EtOH - 4",2
"EtOH - 2; EtOH - 5",2
"EtOH - 2; IsOH - 2",2
"EtOH - 214",2
"EtOH - 216",2
"EtOH - 218",2
"EtOH - 227",2
"EtOH - 236",2
"EtOH - 244",2
"EtOH - 245",2
"EtOH - 246",2
"EtOH - 253",2
"EtOH - 272",2
"EtOH - 278",2
"EtOH - 281",2
"EtOH - 291",2
"EtOH - 295",2
"EtOH - 298",2
"EtOH - 3; EtOH - 6",2
"EtOH - 3; EtOH - 8",2
"EtOH - 30; EtOH - 30",2
"EtOH - 309",2
"EtOH - 310",2
"EtOH - 311",2
"EtOH - 312",2
"EtOH - 320",2
"EtOH - 321",2
"EtOH - 324",2
"EtOH - 325",2
"EtOH - 329",2
"EtOH - 336",2
"EtOH - 337",2
"EtOH - 344",2
"EtOH - 348",2
"EtOH - 351",2
"EtOH - 353",2
"EtOH - 367",2
"EtOH - 373",2
"EtOH - 378",2
"EtOH - 379",2
"EtOH - 381",2
"EtOH - 387",2
"EtOH - 390",2
"EtOH - 4; C&S - 4",2
"EtOH - 411",2
"EtOH - 414",2
"EtOH - 431",2
"EtOH - 450",2
"EtOH - 455",2
"EtOH - 464",2
"EtOH - 465",2
"EtOH - 486",2
"EtOH - 498",2
"EtOH - 5; EtOH - 6",2
"EtOH - 557",2
"EtOH - 598",2
"EtOH - 6; EtOH - 6",2
"EtOH - 608",2
"EtOH - 647",2
"EtOH - 750",2
"EtOH gift - 1; IsOH - 9",2
"Formalin - 100",2
"IsOH - 1; CT Scan - 1",2
"IsOH - 1; EtOH - 3",2
"IsOH - 1; IsOH - 10",2
"IsOH - 1; non-genetic subsample - 5",2
"IsOH - 191",2
"IsOH - 193",2
"IsOH - 197",2
"IsOH - 210",2
"IsOH - 211",2
"IsOH - 213",2
"IsOH - 221",2
"IsOH - 224",2
"IsOH - 225",2
"IsOH - 230",2
"IsOH - 233",2
"IsOH - 236",2
"IsOH - 240",2
"IsOH - 248",2
"IsOH - 251",2
"IsOH - 252",2
"IsOH - 253",2
"IsOH - 254",2
"IsOH - 258",2
"IsOH - 260",2
"IsOH - 266",2
"IsOH - 271",2
"IsOH - 277",2
"IsOH - 281",2
"IsOH - 282",2
"IsOH - 283",2
"IsOH - 284",2
"IsOH - 287",2
"IsOH - 289",2
"IsOH - 291",2
"IsOH - 292",2
"IsOH - 3; EtOH - 3",2
"IsOH - 302",2
"IsOH - 304",2
"IsOH - 305",2
"IsOH - 309",2
"IsOH - 311",2
"IsOH - 313",2
"IsOH - 315",2
"IsOH - 317",2
"IsOH - 318",2
"IsOH - 319",2
"IsOH - 321",2
"IsOH - 325",2
"IsOH - 330",2
"IsOH - 333",2
"IsOH - 340",2
"IsOH - 351",2
"IsOH - 353",2
"IsOH - 359",2
"IsOH - 363",2
"IsOH - 365",2
"IsOH - 375",2
"IsOH - 376",2
"IsOH - 378",2
"IsOH - 386",2
"IsOH - 389",2
"IsOH - 392",2
"IsOH - 4; IsOH - 7",2
"IsOH - 407",2
"IsOH - 409",2
"IsOH - 411",2
"IsOH - 418",2
"IsOH - 428",2
"IsOH - 444",2
"IsOH - 450",2
"IsOH - 451",2
"IsOH - 454",2
"IsOH - 457",2
"IsOH - 471",2
"IsOH - 481",2
"IsOH - 487",2
"IsOH - 5; IsOH - 8",2
"IsOH - 504",2
"IsOH - 537",2
"IsOH - 559",2
"IsOH - 569",2
"IsOH - 577",2
"IsOH - 580",2
"IsOH - 6; IsOH - 11",2
"IsOH - 619",2
"IsOH - 647",2
"IsOH - 836",2
"IsOH - 882",2
"IsOH - 9; IsOH - 20",2
"photo - 1; CT Scan - 1; EtOH - 26",2
"photo - 1; EtOH - 11",2
"photo - 1; EtOH - 13",2
"photo - 1; EtOH - 21",2
"photo - 1; EtOH - 32",2
"photo - 1; EtOH - 37",2
"photo - 1; IsOH - 1; tissue - 1",2
"photo - 1; tissue - 1; EtOH - 13",2
"photo - 1; tissue - 1; EtOH - 4",2
"photo - 1; tissue - 1; EtOH - 6",2
"photo - 1; tissue - 1; tissue - 1; CT Scan - 1more than 4 prep types",2
"photo - 1; tissue - 1; tissue - 1; EtOH - 1more than 4 prep types",2
"photo - 1; tissue - 1; tissue - 1; EtOH - 4more than 4 prep types",2
"photo - 1; tissue - 1; tissue - 1; EtOH - 7more than 4 prep types",2
"photo - 1; tissue - 1; tissue - 1; EtOH - 9more than 4 prep types",2
"photo - 1; tissue - 1; tissue gift - 1; EtOH - 2more than 4 prep types",2
"photo - 2; EtOH - 12",2
"photo - 2; EtOH - 5",2
"photo - 2; EtOH - 6",2
"photo - 4; EtOH - 6",2
"photo - 7",2
"skeleton - 1; EtOH - 1; non-genetic subsample - 3; non-genetic subsample - 3more than 4 prep types",2
"skeleton - 1; EtOH - 3",2
"skeleton - 13",2
"skeleton - 18",2
"tissue - 1; EtOH - 1; EtOH - 1; tissue - 1more than 4 prep types",2
"tissue - 1; EtOH - 1; photo - 18",2
"tissue - 1; EtOH - 1; photo - 3",2
"tissue - 1; EtOH - 1; photo - 8",2
"tissue - 1; EtOH - 1; tissue - 1; photo - 17more than 4 prep types",2
"tissue - 1; EtOH - 1; tissue - 1; photo - 18more than 4 prep types",2
"tissue - 1; EtOH - 1; tissue - 1; photo - 22more than 4 prep types",2
"tissue - 1; EtOH - 2; EtOH - 3",2
"tissue - 1; EtOH - 2; photo - 3",2
"tissue - 1; EtOH - 20",2
"tissue - 1; EtOH - 24",2
"tissue - 1; EtOH - 25",2
"tissue - 1; EtOH - 28",2
"tissue - 1; EtOH - 29",2
"tissue - 1; EtOH - 3; EtOH - 3",2
"tissue - 1; photo - 1; CT Scan - 1; tissue - 1more than 4 prep types",2
"tissue - 1; photo - 1; EtOH - 12",2
"tissue - 1; photo - 1; tissue - 1; CT Scan - 1more than 4 prep types",2
"tissue - 1; photo - 1; tissue - 1; EtOH - 19more than 4 prep types",2
"tissue - 1; photo - 1; tissue - 1; EtOH - 2",2
"tissue - 1; photo - 1; tissue - 1; EtOH - 4more than 4 prep types",2
"tissue - 1; photo - 1; tissue - 1; EtOH - 6more than 4 prep types",2
"tissue - 1; photo - 1; tissue - 1; EtOH - 8more than 4 prep types",2
"tissue - 1; photo - 2; EtOH - 12",2
"tissue - 1; photo - 3",2
"tissue - 1; tissue - 1; C&S - 1; tissue - 2more than 4 prep types",2
"tissue - 1; tissue - 1; EtOH - 1; photo - 5more than 4 prep types",2
"tissue - 1; tissue - 1; EtOH - 1; photo - 8more than 4 prep types",2
"tissue - 1; tissue - 1; EtOH - 2; photo - 3",2
"tissue - 1; tissue - 1; EtOH - 24",2
"tissue - 1; tissue - 1; EtOH - 30",2
"tissue - 1; tissue - 1; EtOH - 35",2
"tissue - 1; tissue - 1; EtOH - 36",2
"tissue - 1; tissue - 1; EtOH - 37",2
"tissue - 1; tissue - 1; EtOH - 47",2
"tissue - 1; tissue - 1; EtOH - 55",2
"tissue - 1; tissue - 1; EtOH - 64",2
"tissue - 1; tissue - 1; EtOH - 66",2
"tissue - 1; tissue - 1; EtOH - 72",2
"tissue - 1; tissue - 1; photo - 1; EtOH - 12more than 4 prep types",2
"tissue - 1; tissue - 1; photo - 1; EtOH - 13more than 4 prep types",2
"tissue - 1; tissue - 1; photo - 1; EtOH - 14more than 4 prep types",2
"tissue - 1; tissue - 1; photo - 1; EtOH - 19more than 4 prep types",2
"tissue - 1; tissue - 1; photo - 1; EtOH - 7more than 4 prep types",2
"tissue - 1; tissue - 1; photo - 1; EtOH - 8more than 4 prep types",2
"tissue - 1; tissue - 1; photo - 1; EtOH - 9more than 4 prep types",2
"tissue - 1; tissue - 1; photo - 2; EtOH - 5more than 4 prep types",2
"tissue - 1; tissue - 1; photo - 2; EtOH - 6more than 4 prep types",2
"tissue - 1; tissue - 1; photo - 2; EtOH - 7more than 4 prep types",2
"tissue - 1; tissue - 1; tissue - 1; EtOH - 16",2
"tissue - 1; tissue - 1; tissue - 1; EtOH - 19more than 4 prep types",2
"tissue - 1; tissue - 1; tissue - 1; EtOH - 21more than 4 prep types",2
"tissue - 1; tissue - 1; tissue - 1; EtOH - 8more than 4 prep types",2
"tissue - 1; tissue - 1; tissue - 2; C&S - 5more than 4 prep types",2
"tissue - 1; tissue - 1; tissue - 2; EtOH - 21more than 4 prep types",2
"tissue - 1; tissue - 1; tissue - 2; EtOH - 24more than 4 prep types",2
"tissue - 1; tissue - 1; tissue - 2; EtOH - 32more than 4 prep types",2
"tissue - 1; tissue - 1; tissue - 2; EtOH - 33more than 4 prep types",2
"tissue - 1; tissue - 1; tissue - 2; EtOH - 37more than 4 prep types",2
"tissue - 1; tissue - 1; tissue - 2; EtOH - 39more than 4 prep types",2
"tissue - 1; tissue - 1; tissue - 2; EtOH - 45more than 4 prep types",2
"tissue - 1; tissue - 1; tissue - 2; EtOH - 48more than 4 prep types",2
"tissue - 1; tissue - 1; tissue - 2; EtOH - 5",2
"tissue - 1; tissue - 1; tissue - 2; EtOH - 52more than 4 prep types",2
"tissue - 1; tissue gift - 1; EtOH - 1",2
"tissue - 1; tissue gift - 1; tissue - 1; EtOH - 1more than 4 prep types",2
"tissue - 2; EtOH - 2",2
"tissue - 2; EtOH - 5",2
"tissue - 2; EtOH - 6",2
"tissue gift - 1; EtOH - 1; tissue - 1; photo - 16more than 4 prep types",2
"tissue gift - 1; EtOH - 2",2
"tissue gift - 1; EtOH - 3",2
"tissue gift - 1; tissue - 1; tissue - 1; EtOH - 1more than 4 prep types",2
"tissue gift - 1; tissue - 1; tissue - 1; EtOH - 6more than 4 prep types",2
"tissue gift - 1; tissue - 1; tissue - 1; tissue gift - 1more than 4 prep types",2
"tissue gift - 1; tissue gift - 1; tissue gift - 1; tissue - 1more than 4 prep types",2
"tissue no UF voucher - 1; tissue no UF voucher - 1; EtOH - 1",2
"tissue no UF voucher - 1; tissue no UF voucher - 1; EtOH - 11",2
"tissue no UF voucher - 1; tissue no UF voucher - 1; tissue - 1; tissue - 1more than 4 prep types",2
"95% EtOH - 16",1
"95% EtOH - 2; EtOH - 17",1
"95% EtOH - 21; EtOH - 75",1
"95% EtOH - 3; EtOH - 5",1
"95% EtOH - 8",1
"95% EtOH - 9",1
"C&S",1
"C&S - 1; C&S - 1; C&S - 1; IsOH - 17",1
"C&S - 1; C&S - 1; C&S - 1; IsOH - 35more than 4 prep types",1
"C&S - 1; C&S - 1; C&S - 1; IsOH - 3more than 4 prep types",1
"C&S - 1; C&S - 1; C&S - 1; IsOH - 6more than 4 prep types",1
"C&S - 1; C&S - 1; EtOH - 11",1
"C&S - 1; C&S - 1; EtOH - 4",1
"C&S - 1; C&S - 1; IsOH - 13",1
"C&S - 1; C&S - 1; IsOH - 22",1
"C&S - 1; C&S - 1; IsOH - 3",1
"C&S - 1; C&S - 1; IsOH - 5",1
"C&S - 1; C&S - 1; IsOH - 7",1
"C&S - 1; C&S - 1; tissue - 1; tissue - 1more than 4 prep types",1
"C&S - 1; C&S - 2; IsOH - 22",1
"C&S - 1; CT Scan - 1; EtOH - 5",1
"C&S - 1; CT Scan - 1; photo - 1; EtOH - 5",1
"C&S - 1; EtOH - 1; EtOH - 2",1
"C&S - 1; EtOH - 1; IsOH - 11",1
"C&S - 1; EtOH - 101",1
"C&S - 1; EtOH - 12",1
"C&S - 1; EtOH - 148",1
"C&S - 1; EtOH - 15",1
"C&S - 1; EtOH - 17",1
"C&S - 1; EtOH - 18",1
"C&S - 1; EtOH - 19",1
"C&S - 1; EtOH - 2; photo - 3",1
"C&S - 1; EtOH - 20",1
"C&S - 1; EtOH - 200",1
"C&S - 1; EtOH - 22",1
"C&S - 1; EtOH - 23",1
"C&S - 1; EtOH - 234",1
"C&S - 1; EtOH - 26",1
"C&S - 1; EtOH - 27",1
"C&S - 1; EtOH - 28",1
"C&S - 1; EtOH - 29",1
"C&S - 1; EtOH - 31",1
"C&S - 1; EtOH - 34",1
"C&S - 1; EtOH - 376",1
"C&S - 1; EtOH - 40",1
"C&S - 1; EtOH - 41",1
"C&S - 1; EtOH - 49",1
"C&S - 1; EtOH - 52",1
"C&S - 1; EtOH - 55",1
"C&S - 1; EtOH - 58",1
"C&S - 1; EtOH - 66",1
"C&S - 1; IsOH - 1; IsOH - 3",1
"C&S - 1; IsOH - 12",1
"C&S - 1; IsOH - 129",1
"C&S - 1; IsOH - 14",1
"C&S - 1; IsOH - 16",1
"C&S - 1; IsOH - 19",1
"C&S - 1; IsOH - 215",1
"C&S - 1; IsOH - 23",1
"C&S - 1; IsOH - 30",1
"C&S - 1; IsOH - 32",1
"C&S - 1; IsOH - 37",1
"C&S - 1; IsOH - 41",1
"C&S - 1; IsOH - 44",1
"C&S - 1; IsOH - 45",1
"C&S - 1; IsOH - 46",1
"C&S - 1; IsOH - 48",1
"C&S - 1; IsOH - 69",1
"C&S - 1; IsOH - 74",1
"C&S - 1; IsOH - 93",1
"C&S - 1; tissue - 1; tissue - 1; EtOH - 19more than 4 prep types",1
"C&S - 10",1
"C&S - 10; EtOH - 176",1
"C&S - 10; EtOH - 29",1
"C&S - 10; EtOH - 44",1
"C&S - 11",1
"C&S - 12",1
"C&S - 13; EtOH - 54",1
"C&S - 18; EtOH - 20",1
"C&S - 2; EtOH - 11",1
"C&S - 2; EtOH - 12",1
"C&S - 2; EtOH - 126",1
"C&S - 2; EtOH - 2; EtOH - 13",1
"C&S - 2; EtOH - 2; EtOH - 54",1
"C&S - 2; EtOH - 24",1
"C&S - 2; EtOH - 25",1
"C&S - 2; EtOH - 26",1
"C&S - 2; EtOH - 3; EtOH - 14",1
"C&S - 2; EtOH - 31",1
"C&S - 2; EtOH - 32",1
"C&S - 2; EtOH - 34",1
"C&S - 2; EtOH - 35",1
"C&S - 2; EtOH - 38",1
"C&S - 2; EtOH - 424",1
"C&S - 2; EtOH - 45",1
"C&S - 2; EtOH - 5",1
"C&S - 2; EtOH - 553",1
"C&S - 2; EtOH - 58",1
"C&S - 2; EtOH - 71",1
"C&S - 2; EtOH - 83",1
"C&S - 2; EtOH - 9",1
"C&S - 2; IsOH - 11",1
"C&S - 2; IsOH - 14",1
"C&S - 2; IsOH - 19",1
"C&S - 2; IsOH - 27",1
"C&S - 2; IsOH - 29",1
"C&S - 2; IsOH - 36",1
"C&S - 2; IsOH - 40",1
"C&S - 2; IsOH - 42",1
"C&S - 2; IsOH - 43",1
"C&S - 2; IsOH - 54",1
"C&S - 2; IsOH - 8",1
"C&S - 2; IsOH - 86",1
"C&S - 20; EtOH - 20",1
"C&S - 22",1
"C&S - 23; EtOH - 195",1
"C&S - 23; EtOH - 23",1
"C&S - 3; EtOH - 11",1
"C&S - 3; EtOH - 12",1
"C&S - 3; EtOH - 16",1
"C&S - 3; EtOH - 17",1
"C&S - 3; EtOH - 20",1
"C&S - 3; EtOH - 26",1
"C&S - 3; EtOH - 266",1
"C&S - 3; EtOH - 29",1
"C&S - 3; EtOH - 30",1
"C&S - 3; EtOH - 38",1
"C&S - 3; EtOH - 4; EtOH - 20",1
"C&S - 3; EtOH - 57",1
"C&S - 3; EtOH - 59",1
"C&S - 3; EtOH - 6",1
"C&S - 3; EtOH - 98",1
"C&S - 3; IsOH - 10",1
"C&S - 3; IsOH - 11",1
"C&S - 3; IsOH - 14",1
"C&S - 3; IsOH - 18",1
"C&S - 3; IsOH - 26",1
"C&S - 3; IsOH - 28",1
"C&S - 3; IsOH - 31",1
"C&S - 3; IsOH - 399",1
"C&S - 3; IsOH - 52",1
"C&S - 3; IsOH - 53",1
"C&S - 3; IsOH - 7",1
"C&S - 3; IsOH - 8",1
"C&S - 3; IsOH - 82",1
"C&S - 3; IsOH - 89",1
"C&S - 3; IsOH - 95",1
"C&S - 4; EtOH - 11",1
"C&S - 4; EtOH - 28",1
"C&S - 4; EtOH - 33",1
"C&S - 4; EtOH - 59; EtOH - 128",1
"C&S - 4; EtOH - 71",1
"C&S - 4; EtOH - 96",1
"C&S - 4; IsOH - 13",1
"C&S - 4; IsOH - 19",1
"C&S - 4; IsOH - 39",1
"C&S - 5; EtOH - 11",1
"C&S - 5; EtOH - 12",1
"C&S - 5; EtOH - 14",1
"C&S - 5; EtOH - 18",1
"C&S - 5; EtOH - 38",1
"C&S - 5; EtOH - 40",1
"C&S - 5; EtOH - 46",1
"C&S - 5; EtOH - 65",1
"C&S - 5; EtOH - 66",1
"C&S - 5; EtOH - 90",1
"C&S - 5; IsOH - 29",1
"C&S - 5; IsOH - 50",1
"C&S - 5; IsOH - 7",1
"C&S - 6",1
"C&S - 6; EtOH - 23",1
"C&S - 6; EtOH - 45",1
"C&S - 6; EtOH - 50",1
"C&S - 6; IsOH - 118",1
"C&S - 7",1
"C&S - 7; EtOH - 25",1
"C&S - 7; EtOH - 37",1
"C&S - 8; EtOH - 122",1
"C&S - 8; EtOH - 8",1
"C&S - 8; IsOH - 14",1
"C&S - 8; IsOH - 254",1
"C&S - 9; IsOH - 92",1
"CT Scan - 1; C&S - 3; EtOH - 13",1
"CT Scan - 1; EtOH - 1; photo - 2",1
"CT Scan - 1; EtOH - 1; photo - 3",1
"CT Scan - 1; EtOH - 1; tissue - 1; photo - 2",1
"CT Scan - 1; EtOH - 113",1
"CT Scan - 1; EtOH - 14",1
"CT Scan - 1; EtOH - 15",1
"CT Scan - 1; EtOH - 17",1
"CT Scan - 1; EtOH - 2; photo - 4",1
"CT Scan - 1; EtOH - 43",1
"CT Scan - 1; EtOH - 49",1
"CT Scan - 1; EtOH - 52",1
"CT Scan - 1; EtOH - 7",1
"CT Scan - 1; EtOH - 8",1
"CT Scan - 1; EtOH - 9",1
"CT Scan - 1; IsOH - 3",1
"CT Scan - 1; photo - 1; EtOH - 12",1
"CT Scan - 1; photo - 1; EtOH - 14",1
"CT Scan - 1; photo - 1; EtOH - 3",1
"CT Scan - 1; photo - 1; EtOH - 6",1
"CT Scan - 1; photo - 1; EtOH - 7",1
"CT Scan - 1; photo - 1; EtOH - 8",1
"CT Scan - 1; photo - 1; EtOH - 97",1
"CT Scan - 1; photo - 1; tissue - 1; tissue - 1more than 4 prep types",1
"CT Scan - 1; photo - 2; EtOH - 2",1
"CT Scan - 1; photo - 2; EtOH - 7",1
"CT Scan - 1; photo - 3; EtOH - 12",1
"CT Scan - 1; tissue - 1; EtOH - 1",1
"CT Scan - 1; tissue - 1; tissue - 1; EtOH - 1",1
"CT Scan - 1; tissue - 1; tissue - 1; EtOH - 2more than 4 prep types",1
"CT Scan - 1; tissue - 1; tissue - 1; tissue - 2more than 4 prep types",1
"EtOH - 1; C&S - 1; photo - 4",1
"EtOH - 1; C&S - 2; EtOH - 10",1
"EtOH - 1; C&S - 2; EtOH - 14",1
"EtOH - 1; C&S - 4; EtOH - 23",1
"EtOH - 1; CT Scan - 1; EtOH - 6",1
"EtOH - 1; CT Scan - 1; photo - 4",1
"EtOH - 1; CT Scan - 1; tissue - 1; photo - 1more than 4 prep types",1
"EtOH - 1; CT Scan - 1; tissue - 1; tissue - 1",1
"EtOH - 1; EtOH - 1; EtOH - 1; C&S - 3more than 4 prep types",1
"EtOH - 1; EtOH - 1; EtOH - 1; EtOH - 7more than 4 prep types",1
"EtOH - 1; EtOH - 1; EtOH - 10",1
"EtOH - 1; EtOH - 1; EtOH - 2; EtOH - 18",1
"EtOH - 1; EtOH - 1; EtOH - 2; EtOH - 31",1
"EtOH - 1; EtOH - 1; EtOH - 2; EtOH - 5more than 4 prep types",1
"EtOH - 1; EtOH - 1; EtOH - 3",1
"EtOH - 1; EtOH - 1; EtOH - 6",1
"EtOH - 1; EtOH - 1; EtOH - 8",1
"EtOH - 1; EtOH - 1; photo - 1",1
"EtOH - 1; EtOH - 10",1
"EtOH - 1; EtOH - 12",1
"EtOH - 1; EtOH - 13",1
"EtOH - 1; EtOH - 14",1
"EtOH - 1; EtOH - 14; EtOH - 17",1
"EtOH - 1; EtOH - 16",1
"EtOH - 1; EtOH - 17",1
"EtOH - 1; EtOH - 17; EtOH - 25",1
"EtOH - 1; EtOH - 19",1
"EtOH - 1; EtOH - 2; EtOH - 3",1
"EtOH - 1; EtOH - 20",1
"EtOH - 1; EtOH - 21",1
"EtOH - 1; EtOH - 29",1
"EtOH - 1; EtOH - 36",1
"EtOH - 1; EtOH - 9",1
"EtOH - 1; IsOH - 25",1
"EtOH - 1; IsOH - 5",1
"EtOH - 1; IsOH - 51",1
"EtOH - 1; IsOH - 6",1
"EtOH - 1; IsOH - 7",1
"EtOH - 1; IsOH - 7; IsOH - 11",1
"EtOH - 1; IsOH - 8",1
"EtOH - 1; non-genetic subsample - 1; EtOH - 10; EtOH - 12more than 4 prep types",1
"EtOH - 1; photo - 1; tissue - 1; CT Scan - 1",1
"EtOH - 1; photo - 18",1
"EtOH - 1; photo - 45",1
"EtOH - 1; photo - 9",1
"EtOH - 1; skeleton - 1; non-genetic subsample - 3",1
"EtOH - 1; skeleton - 2",1
"EtOH - 1; skeleton - 5",1
"EtOH - 1; tissue - 1; CT Scan - 1; tissue - 1",1
"EtOH - 1; tissue - 1; photo - 1; CT Scan - 1",1
"EtOH - 1; tissue - 1; photo - 13",1
"EtOH - 1; tissue - 1; photo - 15",1
"EtOH - 1; tissue - 1; photo - 17",1
"EtOH - 1; tissue - 1; photo - 21",1
"EtOH - 1; tissue - 1; photo - 22",1
"EtOH - 1; tissue - 1; photo - 29",1
"EtOH - 1; tissue - 1; photo - 6",1
"EtOH - 1; tissue - 1; tissue - 1; EtOH - 2more than 4 prep types",1
"EtOH - 1; tissue - 1; tissue - 1; EtOH - 3more than 4 prep types",1
"EtOH - 1; tissue - 1; tissue - 1; photo - 10more than 4 prep types",1
"EtOH - 1; tissue - 1; tissue - 1; photo - 11more than 4 prep types",1
"EtOH - 1; tissue - 1; tissue - 1; photo - 15more than 4 prep types",1
"EtOH - 1; tissue - 1; tissue - 1; photo - 24more than 4 prep types",1
"EtOH - 1; tissue - 1; tissue - 1; photo - 25more than 4 prep types",1
"EtOH - 1; tissue - 1; tissue - 1; photo - 26more than 4 prep types",1
"EtOH - 1; tissue - 1; tissue - 1; photo - 28more than 4 prep types",1
"EtOH - 1; tissue - 1; tissue - 1; photo - 3",1
"EtOH - 1; tissue - 1; tissue - 1; photo - 39more than 4 prep types",1
"EtOH - 1; tissue - 1; tissue - 1; photo - 43more than 4 prep types",1
"EtOH - 1; tissue - 1; tissue - 1; photo - 8more than 4 prep types",1
"EtOH - 1; tissue - 1; tissue - 1; tissue - 2",1
"EtOH - 1; tissue - 1; tissue - 1; tissue gift - 1more than 4 prep types",1
"EtOH - 1; tissue gift - 1",1
"EtOH - 1; tissue gift - 1; tissue - 1; photo - 11more than 4 prep types",1
"EtOH - 1; x-ray - 4",1
"EtOH - 10; EtOH - 11",1
"EtOH - 10; EtOH - 12",1
"EtOH - 10; EtOH - 19",1
"EtOH - 10; IsOH - 12",1
"EtOH - 1033",1
"EtOH - 108; IsOH - 108",1
"EtOH - 1089",1
"EtOH - 1150",1
"EtOH - 1152",1
"EtOH - 12; EtOH - 12",1
"EtOH - 1216",1
"EtOH - 1220",1
"EtOH - 1230",1
"EtOH - 1232",1
"EtOH - 13; EtOH - 13",1
"EtOH - 13; EtOH - 15",1
"EtOH - 14; EtOH - 153",1
"EtOH - 14; EtOH - 16",1
"EtOH - 15; EtOH - 36; EtOH - 39",1
"EtOH - 15; EtOH - 72",1
"EtOH - 15; IsOH - 16",1
"EtOH - 1500",1
"EtOH - 1500; EtOH - 1500",1
"EtOH - 1508",1
"EtOH - 1546",1
"EtOH - 1555",1
"EtOH - 1556",1
"EtOH - 1586",1
"EtOH - 1598",1
"EtOH - 16; EtOH - 16",1
"EtOH - 16; EtOH - 29",1
"EtOH - 17; EtOH - 18",1
"EtOH - 1763",1
"EtOH - 18; EtOH - 20",1
"EtOH - 18; EtOH - 27",1
"EtOH - 192",1
"EtOH - 2; 95% EtOH - 5",1
"EtOH - 2; C&S - 3; EtOH - 20",1
"EtOH - 2; EtOH - 11",1
"EtOH - 2; EtOH - 12",1
"EtOH - 2; EtOH - 13",1
"EtOH - 2; EtOH - 14",1
"EtOH - 2; EtOH - 2; EtOH - 4",1
"EtOH - 2; EtOH - 2; photo - 2",1
"EtOH - 2; EtOH - 20",1
"EtOH - 2; EtOH - 29",1
"EtOH - 2; EtOH - 6",1
"EtOH - 2; EtOH - 8",1
"EtOH - 2; IsOH - 24",1
"EtOH - 2; IsOH - 3",1
"EtOH - 2; photo - 4",1
"EtOH - 2; photo - 5",1
"EtOH - 2; skeleton - 2",1
"EtOH - 20; EtOH - 20",1
"EtOH - 20; EtOH - 23",1
"EtOH - 20; EtOH - 25",1
"EtOH - 229",1
"EtOH - 2295",1
"EtOH - 23; EtOH - 38",1
"EtOH - 232",1
"EtOH - 2335",1
"EtOH - 2424",1
"EtOH - 25; IsOH - 149",1
"EtOH - 255",1
"EtOH - 26; EtOH - 26",1
"EtOH - 260",1
"EtOH - 262",1
"EtOH - 263",1
"EtOH - 266",1
"EtOH - 2662",1
"EtOH - 270",1
"EtOH - 274",1
"EtOH - 28; EtOH - 28",1
"EtOH - 287",1
"EtOH - 293",1
"EtOH - 297",1
"EtOH - 299",1
"EtOH - 2990",1
"EtOH - 3; EtOH - 5",1
"EtOH - 3; IsOH - 3",1
"EtOH - 3; photo - 3",1
"EtOH - 3; photo - 6",1
"EtOH - 301",1
"EtOH - 302",1
"EtOH - 303",1
"EtOH - 304",1
"EtOH - 306",1
"EtOH - 307",1
"EtOH - 313",1
"EtOH - 318",1
"EtOH - 3207",1
"EtOH - 323",1
"EtOH - 33; 95% EtOH - 36",1
"EtOH - 333",1
"EtOH - 335",1
"EtOH - 338",1
"EtOH - 339",1
"EtOH - 34; skeleton - 60",1
"EtOH - 342",1
"EtOH - 345",1
"EtOH - 346",1
"EtOH - 35; EtOH - 237",1
"EtOH - 350",1
"EtOH - 352",1
"EtOH - 3538",1
"EtOH - 354",1
"EtOH - 357",1
"EtOH - 358",1
"EtOH - 359",1
"EtOH - 36; EtOH - 52",1
"EtOH - 364",1
"EtOH - 365",1
"EtOH - 366",1
"EtOH - 369",1
"EtOH - 371",1
"EtOH - 372",1
"EtOH - 374",1
"EtOH - 377",1
"EtOH - 380",1
"EtOH - 384",1
"EtOH - 385",1
"EtOH - 388",1
"EtOH - 389",1
"EtOH - 393",1
"EtOH - 394",1
"EtOH - 4; EtOH - 11",1
"EtOH - 4; EtOH - 4",1
"EtOH - 4; IsOH - 7",1
"EtOH - 4; photo - 4",1
"EtOH - 404",1
"EtOH - 407",1
"EtOH - 412",1
"EtOH - 416",1
"EtOH - 418",1
"EtOH - 419",1
"EtOH - 423",1
"EtOH - 424",1
"EtOH - 427",1
"EtOH - 432",1
"EtOH - 433",1
"EtOH - 434",1
"EtOH - 445",1
"EtOH - 449",1
"EtOH - 457",1
"EtOH - 460",1
"EtOH - 461",1
"EtOH - 467",1
"EtOH - 469",1
"EtOH - 47; EtOH - 48; EtOH - 49",1
"EtOH - 472",1
"EtOH - 475",1
"EtOH - 477",1
"EtOH - 481",1
"EtOH - 487",1
"EtOH - 496",1
"EtOH - 5; 95% EtOH - 10",1
"EtOH - 5; C&S - 5",1
"EtOH - 5; EtOH - 40",1
"EtOH - 5; EtOH - 5",1
"EtOH - 5; EtOH - 8",1
"EtOH - 5; IsOH - 5",1
"EtOH - 5; IsOH - 9",1
"EtOH - 5; non-genetic subsample - 5",1
"EtOH - 505",1
"EtOH - 506",1
"EtOH - 507",1
"EtOH - 509",1
"EtOH - 511",1
"EtOH - 514",1
"EtOH - 523",1
"EtOH - 525",1
"EtOH - 526",1
"EtOH - 535",1
"EtOH - 536",1
"EtOH - 541",1
"EtOH - 545",1
"EtOH - 547",1
"EtOH - 551",1
"EtOH - 552",1
"EtOH - 556",1
"EtOH - 56; EtOH - 88",1
"EtOH - 562",1
"EtOH - 563",1
"EtOH - 582",1
"EtOH - 583",1
"EtOH - 592",1
"EtOH - 597",1
"EtOH - 6; C&S - 8",1
"EtOH - 6; EtOH - 10",1
"EtOH - 6; EtOH - 197",1
"EtOH - 6; EtOH - 7",1
"EtOH - 6; EtOH - 8",1
"EtOH - 6; non-genetic subsample - 6",1
"EtOH - 609",1
"EtOH - 612",1
"EtOH - 622",1
"EtOH - 627",1
"EtOH - 630",1
"EtOH - 638",1
"EtOH - 639",1
"EtOH - 640",1
"EtOH - 657",1
"EtOH - 679",1
"EtOH - 68; EtOH - 150",1
"EtOH - 689",1
"EtOH - 700",1
"EtOH - 701",1
"EtOH - 702",1
"EtOH - 704",1
"EtOH - 705",1
"EtOH - 71; EtOH - 78",1
"EtOH - 711",1
"EtOH - 716",1
"EtOH - 740",1
"EtOH - 757",1
"EtOH - 773",1
"EtOH - 795",1
"EtOH - 797",1
"EtOH - 8; EtOH - 12",1
"EtOH - 8; EtOH - 13",1
"EtOH - 8; EtOH - 18",1
"EtOH - 8; EtOH - 21",1
"EtOH - 8; EtOH - 8",1
"EtOH - 8; EtOH - 9",1
"EtOH - 8; skeleton - 8",1
"EtOH - 815",1
"EtOH - 851",1
"EtOH - 859",1
"EtOH - 875",1
"EtOH - 880",1
"EtOH - 890",1
"EtOH - 9; EtOH - 12",1
"EtOH - 9; EtOH - 20",1
"EtOH - 9; EtOH - 34",1
"EtOH - 900",1
"EtOH - 924",1
"EtOH - 945",1
"EtOH - 974",1
"EtOH - 993",1
"EtOH gift - 1; EtOH - 15",1
"EtOH gift - 1; EtOH - 2",1
"EtOH gift - 1; EtOH - 2; EtOH - 4; EtOH - 8more than 4 prep types",1
"EtOH gift - 1; EtOH - 28",1
"EtOH gift - 1; EtOH - 4",1
"EtOH gift - 1; EtOH - 6",1
"EtOH gift - 1; EtOH - 7",1
"EtOH gift - 1; EtOH - 8",1
"EtOH gift - 1; IsOH - 12",1
"EtOH gift - 1; IsOH - 3",1
"EtOH gift - 1; IsOH - 4",1
"EtOH gift - 1; IsOH - 53",1
"EtOH gift - 1; IsOH - 8",1
"EtOH gift - 10; EtOH - 75",1
"EtOH gift - 2",1
"EtOH gift - 2; EtOH - 4",1
"EtOH gift - 2; IsOH - 5",1
"EtOH; photo - 2",1
"EtOH; tissue - 1",1
"EtOH; tissue - 1; tissue - 1",1
"Formalin - 400",1
"Formalin - 50",1
"IsOH - 1; C&S - 2",1
"IsOH - 1; C&S - 2; IsOH - 12",1
"IsOH - 1; C&S - 3",1
"IsOH - 1; EtOH - 1; EtOH - 1",1
"IsOH - 1; EtOH - 13",1
"IsOH - 1; EtOH - 16",1
"IsOH - 1; EtOH - 7",1
"IsOH - 1; EtOH gift - 1",1
"IsOH - 1; IsOH - 1; IsOH - 1; EtOH - 1",1
"IsOH - 1; IsOH - 104",1
"IsOH - 1; IsOH - 11",1
"IsOH - 1; IsOH - 129",1
"IsOH - 1; IsOH - 14",1
"IsOH - 1; IsOH - 145",1
"IsOH - 1; IsOH - 17",1
"IsOH - 1; IsOH - 19",1
"IsOH - 1; IsOH - 2; IsOH - 3; IsOH - 8more than 4 prep types",1
"IsOH - 1; IsOH - 3; IsOH - 4",1
"IsOH - 1; IsOH - 39",1
"IsOH - 1; IsOH - 40",1
"IsOH - 1; IsOH - 8",1
"IsOH - 1; IsOH - 9",1
"IsOH - 1; IsOH - 97",1
"IsOH - 1; non-genetic subsample - 1",1
"IsOH - 1; non-genetic subsample - 3",1
"IsOH - 1; photo - 7",1
"IsOH - 1; tissue - 1; photo - 14",1
"IsOH - 1; tissue - 1; tissue - 1; tissue - 1more than 4 prep types",1
"IsOH - 10; IsOH - 11",1
"IsOH - 10; IsOH - 21",1
"IsOH - 10; IsOH - 45",1
"IsOH - 100; IsOH - 100",1
"IsOH - 1000; IsOH - 1000",1
"IsOH - 101; IsOH - 174",1
"IsOH - 1017",1
"IsOH - 102; IsOH - 133",1
"IsOH - 1042",1
"IsOH - 1054",1
"IsOH - 1092",1
"IsOH - 11; IsOH - 22",1
"IsOH - 1108",1
"IsOH - 1129",1
"IsOH - 1149",1
"IsOH - 1151",1
"IsOH - 11756",1
"IsOH - 1176",1
"IsOH - 1192",1
"IsOH - 12; EtOH - 12",1
"IsOH - 1209",1
"IsOH - 1210",1
"IsOH - 1211",1
"IsOH - 1240",1
"IsOH - 1254",1
"IsOH - 13; IsOH - 15",1
"IsOH - 13; IsOH - 22",1
"IsOH - 13; IsOH - 50",1
"IsOH - 1300",1
"IsOH - 1313",1
"IsOH - 134; EtOH - 134",1
"IsOH - 1340",1
"IsOH - 13516",1
"IsOH - 1355",1
"IsOH - 1372",1
"IsOH - 1381",1
"IsOH - 1387",1
"IsOH - 14; IsOH - 15",1
"IsOH - 1407",1
"IsOH - 1436",1
"IsOH - 1457",1
"IsOH - 15; IsOH - 18",1
"IsOH - 15; IsOH - 20",1
"IsOH - 15; IsOH - 26",1
"IsOH - 1500",1
"IsOH - 1507",1
"IsOH - 15114",1
"IsOH - 1527",1
"IsOH - 1581",1
"IsOH - 1653",1
"IsOH - 166",1
"IsOH - 1673",1
"IsOH - 1695",1
"IsOH - 17; IsOH - 20",1
"IsOH - 175; IsOH - 234",1
"IsOH - 181",1
"IsOH - 181; IsOH - 399",1
"IsOH - 1855",1
"IsOH - 1882",1
"IsOH - 19; IsOH - 22; IsOH - 40",1
"IsOH - 19; IsOH - 53",1
"IsOH - 1938",1
"IsOH - 1951",1
"IsOH - 2; C&S - 2",1
"IsOH - 2; C&S - 3",1
"IsOH - 2; C&S - 4",1
"IsOH - 2; EtOH - 14",1
"IsOH - 2; EtOH - 6",1
"IsOH - 2; IsOH - 11; IsOH - 19",1
"IsOH - 2; IsOH - 20",1
"IsOH - 2; IsOH - 395",1
"IsOH - 2; IsOH - 47",1
"IsOH - 2; IsOH - 5",1
"IsOH - 2; IsOH - 6",1
"IsOH - 2; non-genetic subsample - 5",1
"IsOH - 2; non-genetic subsample - 6",1
"IsOH - 2; skeleton - 2",1
"IsOH - 20; IsOH - 25",1
"IsOH - 20; IsOH - 57",1
"IsOH - 21; IsOH - 27",1
"IsOH - 21; IsOH - 38",1
"IsOH - 2104",1
"IsOH - 2107",1
"IsOH - 2164",1
"IsOH - 2182",1
"IsOH - 22; IsOH - 22",1
"IsOH - 22; IsOH - 48",1
"IsOH - 227; IsOH - 282",1
"IsOH - 23; IsOH - 24",1
"IsOH - 231",1
"IsOH - 238",1
"IsOH - 24; IsOH - 24",1
"IsOH - 245",1
"IsOH - 25; IsOH - 31",1
"IsOH - 2509",1
"IsOH - 255",1
"IsOH - 2576",1
"IsOH - 262",1
"IsOH - 264",1
"IsOH - 265",1
"IsOH - 2662",1
"IsOH - 267",1
"IsOH - 274",1
"IsOH - 275; IsOH - 312",1
"IsOH - 278",1
"IsOH - 279",1
"IsOH - 2791",1
"IsOH - 280",1
"IsOH - 296",1
"IsOH - 297",1
"IsOH - 298",1
"IsOH - 3; C&S - 4",1
"IsOH - 3; EtOH - 25",1
"IsOH - 3; IsOH - 12",1
"IsOH - 3; IsOH - 141",1
"IsOH - 3; IsOH - 22",1
"IsOH - 3; IsOH - 3",1
"IsOH - 3; IsOH - 4",1
"IsOH - 3; IsOH - 5",1
"IsOH - 3; IsOH - 5; IsOH - 5",1
"IsOH - 3; IsOH - 6",1
"IsOH - 3; IsOH - 7",1
"IsOH - 3; photo - 3",1
"IsOH - 301",1
"IsOH - 306",1
"IsOH - 306; IsOH - 1004",1
"IsOH - 307",1
"IsOH - 31; IsOH - 36; IsOH - 39; IsOH - 42more than 4 prep types",1
"IsOH - 310",1
"IsOH - 3100",1
"IsOH - 312",1
"IsOH - 3121",1
"IsOH - 316",1
"IsOH - 32; IsOH - 58; IsOH - 65",1
"IsOH - 320",1
"IsOH - 322",1
"IsOH - 3266",1
"IsOH - 327",1
"IsOH - 331",1
"IsOH - 337",1
"IsOH - 338",1
"IsOH - 3411",1
"IsOH - 343",1
"IsOH - 344",1
"IsOH - 346",1
"IsOH - 348",1
"IsOH - 35; IsOH - 40",1
"IsOH - 354",1
"IsOH - 356",1
"IsOH - 357",1
"IsOH - 36; IsOH - 91",1
"IsOH - 362",1
"IsOH - 3642",1
"IsOH - 366",1
"IsOH - 367",1
"IsOH - 368",1
"IsOH - 370",1
"IsOH - 372",1
"IsOH - 379",1
"IsOH - 381",1
"IsOH - 384",1
"IsOH - 385",1
"IsOH - 388",1
"IsOH - 390",1
"IsOH - 393",1
"IsOH - 396",1
"IsOH - 398",1
"IsOH - 399",1
"IsOH - 4; C&S - 4",1
"IsOH - 4; IsOH - 20",1
"IsOH - 4; IsOH - 4; IsOH - 5",1
"IsOH - 4; IsOH - 8",1
"IsOH - 4; IsOH - 86",1
"IsOH - 40; IsOH - 53",1
"IsOH - 400",1
"IsOH - 401",1
"IsOH - 402",1
"IsOH - 403",1
"IsOH - 404",1
"IsOH - 4080",1
"IsOH - 410",1
"IsOH - 414",1
"IsOH - 415",1
"IsOH - 417",1
"IsOH - 419",1
"IsOH - 420",1
"IsOH - 421",1
"IsOH - 422",1
"IsOH - 423",1
"IsOH - 4237",1
"IsOH - 4246",1
"IsOH - 431",1
"IsOH - 434",1
"IsOH - 439",1
"IsOH - 44; IsOH - 44",1
"IsOH - 440",1
"IsOH - 445",1
"IsOH - 447",1
"IsOH - 448",1
"IsOH - 45; IsOH - 97",1
"IsOH - 455",1
"IsOH - 456",1
"IsOH - 459",1
"IsOH - 462",1
"IsOH - 464",1
"IsOH - 465",1
"IsOH - 466",1
"IsOH - 477",1
"IsOH - 482",1
"IsOH - 484",1
"IsOH - 488",1
"IsOH - 489",1
"IsOH - 490",1
"IsOH - 491",1
"IsOH - 498",1
"IsOH - 5; C&S - 5",1
"IsOH - 5; IsOH - 148",1
"IsOH - 5; IsOH - 18",1
"IsOH - 5; IsOH - 5",1
"IsOH - 5; IsOH - 6",1
"IsOH - 5; IsOH - 685",1
"IsOH - 51; IsOH - 121; IsOH - 138",1
"IsOH - 51; IsOH - 56",1
"IsOH - 510",1
"IsOH - 513",1
"IsOH - 516",1
"IsOH - 519",1
"IsOH - 52; IsOH - 353",1
"IsOH - 520",1
"IsOH - 524",1
"IsOH - 526",1
"IsOH - 53; IsOH - 61",1
"IsOH - 536",1
"IsOH - 538",1
"IsOH - 540",1
"IsOH - 544",1
"IsOH - 5443",1
"IsOH - 545",1
"IsOH - 548",1
"IsOH - 554",1
"IsOH - 556",1
"IsOH - 557",1
"IsOH - 560",1
"IsOH - 563",1
"IsOH - 566",1
"IsOH - 576",1
"IsOH - 582",1
"IsOH - 589",1
"IsOH - 59; IsOH - 177",1
"IsOH - 594",1
"IsOH - 6; IsOH - 15",1
"IsOH - 6; IsOH - 56",1
"IsOH - 6; IsOH - 7",1
"IsOH - 600",1
"IsOH - 607",1
"IsOH - 609",1
"IsOH - 610",1
"IsOH - 618",1
"IsOH - 62; IsOH - 89",1
"IsOH - 625",1
"IsOH - 639",1
"IsOH - 64; IsOH - 176",1
"IsOH - 660",1
"IsOH - 6650",1
"IsOH - 667",1
"IsOH - 668",1
"IsOH - 673",1
"IsOH - 675",1
"IsOH - 676",1
"IsOH - 683",1
"IsOH - 685",1
"IsOH - 692",1
"IsOH - 698",1
"IsOH - 7; EtOH - 8",1
"IsOH - 7; IsOH - 8; IsOH - 9; IsOH - 9more than 4 prep types",1
"IsOH - 7; IsOH - 9",1
"IsOH - 702",1
"IsOH - 719",1
"IsOH - 726",1
"IsOH - 730",1
"IsOH - 731",1
"IsOH - 741",1
"IsOH - 754",1
"IsOH - 767",1
"IsOH - 771",1
"IsOH - 777",1
"IsOH - 8; IsOH - 17",1
"IsOH - 8; IsOH - 23",1
"IsOH - 8; IsOH - 8; IsOH - 9; IsOH - 10more than 4 prep types",1
"IsOH - 8; IsOH - 9",1
"IsOH - 818",1
"IsOH - 827; EtOH - 827",1
"IsOH - 851",1
"IsOH - 861",1
"IsOH - 863",1
"IsOH - 868",1
"IsOH - 874",1
"IsOH - 879",1
"IsOH - 89; IsOH - 330",1
"IsOH - 9; IsOH - 11",1
"IsOH - 9; IsOH - 16",1
"IsOH - 904",1
"IsOH - 905",1
"IsOH - 928",1
"IsOH - 947",1
"IsOH - 956",1
"IsOH - 975",1
"IsOH - 991",1
"non-genetic subsample - 1; EtOH - 3",1
"non-genetic subsample - 3; IsOH - 9",1
"photo - 1; C&S - 1; C&S - 1",1
"photo - 1; C&S - 3; EtOH - 17",1
"photo - 1; C&S - 4",1
"photo - 1; CT Scan - 1; C&S - 2; EtOH - 7",1
"photo - 1; CT Scan - 1; EtOH - 100",1
"photo - 1; CT Scan - 1; EtOH - 13",1
"photo - 1; CT Scan - 1; EtOH - 15",1
"photo - 1; CT Scan - 1; EtOH - 2",1
"photo - 1; CT Scan - 1; EtOH - 38",1
"photo - 1; CT Scan - 1; EtOH - 50",1
"photo - 1; CT Scan - 1; EtOH - 7",1
"photo - 1; EtOH - 1; tissue - 1; tissue gift - 1more than 4 prep types",1
"photo - 1; EtOH - 142",1
"photo - 1; EtOH - 16",1
"photo - 1; EtOH - 167",1
"photo - 1; EtOH - 19",1
"photo - 1; EtOH - 20",1
"photo - 1; EtOH - 29",1
"photo - 1; EtOH - 3; EtOH - 42",1
"photo - 1; EtOH - 30",1
"photo - 1; EtOH - 40",1
"photo - 1; EtOH - 56",1
"photo - 1; EtOH - 7; EtOH - 8",1
"photo - 1; EtOH gift - 2; EtOH gift - 2; EtOH - 9more than 4 prep types",1
"photo - 1; photo - 1; tissue - 1; EtOH - 1more than 4 prep types",1
"photo - 1; photo - 3",1
"photo - 1; skeleton - 1",1
"photo - 1; tissue - 1; CT Scan - 1; EtOH - 32",1
"photo - 1; tissue - 1; EtOH - 10",1
"photo - 1; tissue - 1; EtOH - 15",1
"photo - 1; tissue - 1; EtOH - 16",1
"photo - 1; tissue - 1; EtOH - 2; EtOH - 2",1
"photo - 1; tissue - 1; EtOH - 20",1
"photo - 1; tissue - 1; EtOH - 21",1
"photo - 1; tissue - 1; EtOH - 56",1
"photo - 1; tissue - 1; EtOH - 7",1
"photo - 1; tissue - 1; tissue - 1; C&S - 12more than 4 prep types",1
"photo - 1; tissue - 1; tissue - 1; C&S - 2more than 4 prep types",1
"photo - 1; tissue - 1; tissue - 1; EtOH - 1",1
"photo - 1; tissue - 1; tissue - 1; EtOH - 10more than 4 prep types",1
"photo - 1; tissue - 1; tissue - 1; EtOH - 12more than 4 prep types",1
"photo - 1; tissue - 1; tissue - 1; EtOH - 17more than 4 prep types",1
"photo - 1; tissue - 1; tissue - 1; EtOH - 22more than 4 prep types",1
"photo - 1; tissue - 1; tissue - 1; EtOH - 27more than 4 prep types",1
"photo - 1; tissue - 1; tissue - 1; EtOH - 30more than 4 prep types",1
"photo - 1; tissue - 1; tissue - 1; EtOH - 4",1
"photo - 1; tissue - 1; tissue - 1; EtOH - 6more than 4 prep types",1
"photo - 1; tissue - 1; tissue gift - 1; C&S - 4more than 4 prep types",1
"photo - 1; tissue - 1; tissue gift - 1; tissue - 1more than 4 prep types",1
"photo - 1; tissue - 2",1
"photo - 1; tissue no UF voucher - 1; tissue - 1; EtOH - 5more than 4 prep types",1
"photo - 10",1
"photo - 2; EtOH - 10",1
"photo - 2; EtOH - 11",1
"photo - 2; EtOH - 14",1
"photo - 2; EtOH - 15; EtOH - 56",1
"photo - 2; EtOH - 16",1
"photo - 2; EtOH - 2; EtOH - 7",1
"photo - 2; EtOH - 26",1
"photo - 2; EtOH - 36",1
"photo - 2; EtOH - 43",1
"photo - 2; EtOH - 8",1
"photo - 2; EtOH - 9",1
"photo - 2; IsOH - 2",1
"photo - 3; EtOH - 12",1
"photo - 3; EtOH - 14",1
"photo - 3; EtOH - 15",1
"photo - 3; EtOH - 19",1
"photo - 3; EtOH - 3",1
"photo - 3; EtOH - 4",1
"photo - 3; EtOH - 5",1
"photo - 3; IsOH - 18",1
"photo - 3; IsOH - 3",1
"photo - 5; EtOH - 72",1
"photo - 6",1
"photo - 6; EtOH - 9",1
"photo - 7; EtOH - 8",1
"skeleton - 1; C&S - 1; EtOH - 10",1
"skeleton - 1; EtOH - 7",1
"skeleton - 1; EtOH - 8",1
"skeleton - 1; IsOH - 15",1
"skeleton - 1; IsOH - 3",1
"skeleton - 1; non-genetic subsample - 3",1
"skeleton - 1; photo - 2",1
"skeleton - 10; EtOH - 10",1
"skeleton - 16",1
"skeleton - 17",1
"skeleton - 2; EtOH - 2",1
"skeleton - 2; IsOH - 14",1
"skeleton - 23",1
"skeleton - 24",1
"skeleton - 3; IsOH - 4",1
"skeleton - 30; IsOH - 34",1
"skeleton - 36",1
"skeleton - 4; EtOH - 31",1
"skeleton - 40",1
"skeleton - 73",1
"skeleton - 8; EtOH - 8",1
"tissue - 1; 95% EtOH - 1",1
"tissue - 1; 95% EtOH - 2",1
"tissue - 1; C&S - 1; tissue - 1; EtOH - 3more than 4 prep types",1
"tissue - 1; C&S - 1; tissue - 1; EtOH - 5more than 4 prep types",1
"tissue - 1; CT Scan - 1; EtOH - 1; tissue - 1more than 4 prep types",1
"tissue - 1; CT Scan - 1; EtOH - 3",1
"tissue - 1; CT Scan - 1; EtOH - 8",1
"tissue - 1; CT Scan - 1; photo - 2; EtOH - 19",1
"tissue - 1; CT Scan - 1; photo - 2; EtOH - 2",1
"tissue - 1; CT Scan - 1; photo - 2; EtOH - 4",1
"tissue - 1; CT Scan - 1; photo - 3; EtOH - 4",1
"tissue - 1; CT Scan - 1; tissue - 1; EtOH - 1",1
"tissue - 1; CT Scan - 1; tissue - 1; EtOH - 3",1
"tissue - 1; EtOH - 1; CT Scan - 1",1
"tissue - 1; EtOH - 1; CT Scan - 1; photo - 1more than 4 prep types",1
"tissue - 1; EtOH - 1; CT Scan - 1; photo - 2",1
"tissue - 1; EtOH - 1; EtOH - 1; photo - 1more than 4 prep types",1
"tissue - 1; EtOH - 1; EtOH - 1; photo - 4more than 4 prep types",1
"tissue - 1; EtOH - 1; photo - 4",1
"tissue - 1; EtOH - 1; tissue - 1; EtOH - 1more than 4 prep types",1
"tissue - 1; EtOH - 1; tissue - 1; EtOH - 4more than 4 prep types",1
"tissue - 1; EtOH - 1; tissue - 1; photo - 11more than 4 prep types",1
"tissue - 1; EtOH - 1; tissue - 1; photo - 15more than 4 prep types",1
"tissue - 1; EtOH - 1; tissue - 1; photo - 16more than 4 prep types",1
"tissue - 1; EtOH - 1; tissue - 1; photo - 2",1
"tissue - 1; EtOH - 1; tissue - 1; photo - 20more than 4 prep types",1
"tissue - 1; EtOH - 1; tissue - 1; photo - 21more than 4 prep types",1
"tissue - 1; EtOH - 1; tissue - 1; photo - 25more than 4 prep types",1
"tissue - 1; EtOH - 1; tissue - 1; photo - 26more than 4 prep types",1
"tissue - 1; EtOH - 1; tissue - 1; photo - 27more than 4 prep types",1
"tissue - 1; EtOH - 1; tissue - 1; photo - 28more than 4 prep types",1
"tissue - 1; EtOH - 1; tissue - 1; photo - 29more than 4 prep types",1
"tissue - 1; EtOH - 1; tissue - 1; photo - 31more than 4 prep types",1
"tissue - 1; EtOH - 1; tissue - 1; photo - 4",1
"tissue - 1; EtOH - 1; tissue - 1; photo - 41more than 4 prep types",1
"tissue - 1; EtOH - 1; tissue - 1; photo - 8more than 4 prep types",1
"tissue - 1; EtOH - 1; tissue - 1; tissue - 2more than 4 prep types",1
"tissue - 1; EtOH - 1; tissue - 2",1
"tissue - 1; EtOH - 1; tissue gift - 1; photo - 18more than 4 prep types",1
"tissue - 1; EtOH - 1; tissue gift - 1; photo - 21more than 4 prep types",1
"tissue - 1; EtOH - 1; tissue no voucher - 1",1
"tissue - 1; EtOH - 109",1
"tissue - 1; EtOH - 18",1
"tissue - 1; EtOH - 19",1
"tissue - 1; EtOH - 2; photo - 2",1
"tissue - 1; EtOH - 2; photo - 2; EtOH - 6more than 4 prep types",1
"tissue - 1; EtOH - 2; photo - 4",1
"tissue - 1; EtOH - 2; photo - 5",1
"tissue - 1; EtOH - 26",1
"tissue - 1; EtOH - 3; EtOH - 5",1
"tissue - 1; EtOH - 32",1
"tissue - 1; EtOH - 35",1
"tissue - 1; EtOH - 36",1
"tissue - 1; EtOH - 41",1
"tissue - 1; EtOH - 52",1
"tissue - 1; EtOH - 53",1
"tissue - 1; EtOH - 56",1
"tissue - 1; EtOH - 66",1
"tissue - 1; EtOH gift - 5; EtOH - 13",1
"tissue - 1; IsOH - 1",1
"tissue - 1; IsOH - 1; photo - 12",1
"tissue - 1; IsOH - 1; photo - 7",1
"tissue - 1; IsOH - 1; tissue - 1",1
"tissue - 1; photo - 1; EtOH - 10",1
"tissue - 1; photo - 1; EtOH - 13",1
"tissue - 1; photo - 1; EtOH - 16",1
"tissue - 1; photo - 1; EtOH - 24",1
"tissue - 1; photo - 1; EtOH - 28",1
"tissue - 1; photo - 1; EtOH - 3; EtOH - 5more than 4 prep types",1
"tissue - 1; photo - 1; EtOH - 37",1
"tissue - 1; photo - 1; EtOH - 38",1
"tissue - 1; photo - 1; EtOH - 5",1
"tissue - 1; photo - 1; EtOH - 6",1
"tissue - 1; photo - 1; photo - 1; EtOH - 2more than 4 prep types",1
"tissue - 1; photo - 1; tissue - 1; C&S - 1more than 4 prep types",1
"tissue - 1; photo - 1; tissue - 1; EtOH - 1",1
"tissue - 1; photo - 1; tissue - 1; EtOH - 16more than 4 prep types",1
"tissue - 1; photo - 1; tissue - 1; EtOH - 17more than 4 prep types",1
"tissue - 1; photo - 1; tissue - 1; EtOH - 21more than 4 prep types",1
"tissue - 1; photo - 1; tissue - 1; EtOH - 22more than 4 prep types",1
"tissue - 1; photo - 1; tissue - 1; EtOH - 33more than 4 prep types",1
"tissue - 1; photo - 1; tissue - 1; EtOH - 47more than 4 prep types",1
"tissue - 1; photo - 1; tissue - 1; EtOH - 49more than 4 prep types",1
"tissue - 1; photo - 1; tissue - 1; EtOH - 51more than 4 prep types",1
"tissue - 1; photo - 1; tissue - 1; EtOH - 5more than 4 prep types",1
"tissue - 1; photo - 1; tissue - 1; tissue gift - 1more than 4 prep types",1
"tissue - 1; photo - 1; tissue - 2; EtOH - 3more than 4 prep types",1
"tissue - 1; photo - 1; tissue gift - 1; EtOH - 5more than 4 prep types",1
"tissue - 1; photo - 1; tissue gift - 1; tissue gift - 1more than 4 prep types",1
"tissue - 1; photo - 2; EtOH - 11",1
"tissue - 1; photo - 2; EtOH - 15",1
"tissue - 1; photo - 2; EtOH - 3",1
"tissue - 1; photo - 2; EtOH - 4",1
"tissue - 1; photo - 2; EtOH - 6",1
"tissue - 1; photo - 2; EtOH - 8",1
"tissue - 1; photo - 2; EtOH - 9",1
"tissue - 1; photo - 3; EtOH - 12",1
"tissue - 1; photo - 3; EtOH - 8",1
"tissue - 1; skeleton - 1; photo - 1",1
"tissue - 1; tissue - 1; C&S - 1; photo - 1more than 4 prep types",1
"tissue - 1; tissue - 1; C&S - 2; EtOH - 9more than 4 prep types",1
"tissue - 1; tissue - 1; C&S - 2; tissue - 2more than 4 prep types",1
"tissue - 1; tissue - 1; C&S - 3; EtOH - 10more than 4 prep types",1
"tissue - 1; tissue - 1; CT Scan - 1; EtOH - 2more than 4 prep types",1
"tissue - 1; tissue - 1; CT Scan - 1; EtOH - 36",1
"tissue - 1; tissue - 1; CT Scan - 1; EtOH - 6",1
"tissue - 1; tissue - 1; CT Scan - 1; EtOH - 7",1
"tissue - 1; tissue - 1; CT Scan - 1; EtOH - 8",1
"tissue - 1; tissue - 1; CT Scan - 1; photo - 2more than 4 prep types",1
"tissue - 1; tissue - 1; CT Scan - 1; tissue - 1more than 4 prep types",1
"tissue - 1; tissue - 1; EtOH - 1; EtOH - 2more than 4 prep types",1
"tissue - 1; tissue - 1; EtOH - 1; photo - 16more than 4 prep types",1
"tissue - 1; tissue - 1; EtOH - 1; photo - 2more than 4 prep types",1
"tissue - 1; tissue - 1; EtOH - 1; photo - 3more than 4 prep types",1
"tissue - 1; tissue - 1; EtOH - 1; photo - 4",1
"tissue - 1; tissue - 1; EtOH - 1; photo - 4more than 4 prep types",1
"tissue - 1; tissue - 1; EtOH - 1; photo - 6more than 4 prep types",1
"tissue - 1; tissue - 1; EtOH - 1; tissue gift - 1more than 4 prep types",1
"tissue - 1; tissue - 1; EtOH - 10; EtOH - 24more than 4 prep types",1
"tissue - 1; tissue - 1; EtOH - 115",1
"tissue - 1; tissue - 1; EtOH - 134",1
"tissue - 1; tissue - 1; EtOH - 138",1
"tissue - 1; tissue - 1; EtOH - 161",1
"tissue - 1; tissue - 1; EtOH - 2; EtOH - 3more than 4 prep types",1
"tissue - 1; tissue - 1; EtOH - 2; EtOH - 4",1
"tissue - 1; tissue - 1; EtOH - 2; photo - 17more than 4 prep types",1
"tissue - 1; tissue - 1; EtOH - 2; photo - 20more than 4 prep types",1
"tissue - 1; tissue - 1; EtOH - 2; photo - 4more than 4 prep types",1
"tissue - 1; tissue - 1; EtOH - 214",1
"tissue - 1; tissue - 1; EtOH - 3; photo - 3more than 4 prep types",1
"tissue - 1; tissue - 1; EtOH - 31",1
"tissue - 1; tissue - 1; EtOH - 38",1
"tissue - 1; tissue - 1; EtOH - 4; photo - 5more than 4 prep types",1
"tissue - 1; tissue - 1; EtOH - 40",1
"tissue - 1; tissue - 1; EtOH - 41",1
"tissue - 1; tissue - 1; EtOH - 42",1
"tissue - 1; tissue - 1; EtOH - 43",1
"tissue - 1; tissue - 1; EtOH - 461",1
"tissue - 1; tissue - 1; EtOH - 50",1
"tissue - 1; tissue - 1; EtOH - 52",1
"tissue - 1; tissue - 1; EtOH - 54",1
"tissue - 1; tissue - 1; EtOH - 60",1
"tissue - 1; tissue - 1; EtOH - 65",1
"tissue - 1; tissue - 1; EtOH - 69",1
"tissue - 1; tissue - 1; EtOH - 75",1
"tissue - 1; tissue - 1; EtOH - 76",1
"tissue - 1; tissue - 1; EtOH - 81",1
"tissue - 1; tissue - 1; EtOH - 84",1
"tissue - 1; tissue - 1; EtOH - 93",1
"tissue - 1; tissue - 1; EtOH gift - 5; EtOH - 61more than 4 prep types",1
"tissue - 1; tissue - 1; photo - 1",1
"tissue - 1; tissue - 1; photo - 1; C&S - 1more than 4 prep types",1
"tissue - 1; tissue - 1; photo - 1; C&S - 2more than 4 prep types",1
"tissue - 1; tissue - 1; photo - 1; EtOH - 10more than 4 prep types",1
"tissue - 1; tissue - 1; photo - 1; EtOH - 13",1
"tissue - 1; tissue - 1; photo - 1; EtOH - 2",1
"tissue - 1; tissue - 1; photo - 1; EtOH - 24",1
"tissue - 1; tissue - 1; photo - 1; EtOH - 24more than 4 prep types",1
"tissue - 1; tissue - 1; photo - 1; EtOH - 29more than 4 prep types",1
"tissue - 1; tissue - 1; photo - 1; EtOH - 3",1
"tissue - 1; tissue - 1; photo - 1; EtOH - 30more than 4 prep types",1
"tissue - 1; tissue - 1; photo - 1; EtOH - 5more than 4 prep types",1
"tissue - 1; tissue - 1; photo - 1; EtOH - 62more than 4 prep types",1
"tissue - 1; tissue - 1; photo - 1; tissue gift - 1more than 4 prep types",1
"tissue - 1; tissue - 1; photo - 2; EtOH - 12more than 4 prep types",1
"tissue - 1; tissue - 1; photo - 2; EtOH - 13more than 4 prep types",1
"tissue - 1; tissue - 1; photo - 2; EtOH - 14more than 4 prep types",1
"tissue - 1; tissue - 1; photo - 2; EtOH - 16more than 4 prep types",1
"tissue - 1; tissue - 1; photo - 2; EtOH - 73more than 4 prep types",1
"tissue - 1; tissue - 1; photo - 2; EtOH - 8",1
"tissue - 1; tissue - 1; photo - 2; EtOH - 89more than 4 prep types",1
"tissue - 1; tissue - 1; photo - 2; EtOH - 9more than 4 prep types",1
"tissue - 1; tissue - 1; photo - 3; EtOH - 14more than 4 prep types",1
"tissue - 1; tissue - 1; photo - 3; EtOH - 16more than 4 prep types",1
"tissue - 1; tissue - 1; photo - 3; EtOH - 4",1
"tissue - 1; tissue - 1; photo - 3; EtOH - 4more than 4 prep types",1
"tissue - 1; tissue - 1; photo - 3; EtOH - 5more than 4 prep types",1
"tissue - 1; tissue - 1; photo - 4; EtOH - 11more than 4 prep types",1
"tissue - 1; tissue - 1; photo - 4; EtOH - 37more than 4 prep types",1
"tissue - 1; tissue - 1; photo - 4; EtOH - 5more than 4 prep types",1
"tissue - 1; tissue - 1; photo - 5; EtOH - 11more than 4 prep types",1
"tissue - 1; tissue - 1; photo - 5; EtOH - 26more than 4 prep types",1
"tissue - 1; tissue - 1; skeleton - 1; photo - 1more than 4 prep types",1
"tissue - 1; tissue - 1; tissue - 1; 95% EtOH - 3more than 4 prep types",1
"tissue - 1; tissue - 1; tissue - 1; C&S - 3more than 4 prep types",1
"tissue - 1; tissue - 1; tissue - 1; C&S - 6more than 4 prep types",1
"tissue - 1; tissue - 1; tissue - 1; EtOH - 100more than 4 prep types",1
"tissue - 1; tissue - 1; tissue - 1; EtOH - 106more than 4 prep types",1
"tissue - 1; tissue - 1; tissue - 1; EtOH - 13more than 4 prep types",1
"tissue - 1; tissue - 1; tissue - 1; EtOH - 18more than 4 prep types",1
"tissue - 1; tissue - 1; tissue - 1; EtOH - 2",1
"tissue - 1; tissue - 1; tissue - 1; EtOH - 20more than 4 prep types",1
"tissue - 1; tissue - 1; tissue - 1; EtOH - 26more than 4 prep types",1
"tissue - 1; tissue - 1; tissue - 1; EtOH - 27more than 4 prep types",1
"tissue - 1; tissue - 1; tissue - 1; EtOH - 28",1
"tissue - 1; tissue - 1; tissue - 1; EtOH - 28more than 4 prep types",1
"tissue - 1; tissue - 1; tissue - 1; EtOH - 30more than 4 prep types",1
"tissue - 1; tissue - 1; tissue - 1; EtOH - 32more than 4 prep types",1
"tissue - 1; tissue - 1; tissue - 1; EtOH - 33more than 4 prep types",1
"tissue - 1; tissue - 1; tissue - 1; EtOH - 36more than 4 prep types",1
"tissue - 1; tissue - 1; tissue - 1; EtOH - 37more than 4 prep types",1
"tissue - 1; tissue - 1; tissue - 1; EtOH - 4",1
"tissue - 1; tissue - 1; tissue - 1; EtOH - 43more than 4 prep types",1
"tissue - 1; tissue - 1; tissue - 1; EtOH - 44more than 4 prep types",1
"tissue - 1; tissue - 1; tissue - 1; EtOH - 58more than 4 prep types",1
"tissue - 1; tissue - 1; tissue - 1; EtOH - 73",1
"tissue - 1; tissue - 1; tissue - 1; EtOH - 77",1
"tissue - 1; tissue - 1; tissue - 1; EtOH - 99more than 4 prep types",1
"tissue - 1; tissue - 1; tissue - 1; tissue no UF voucher - 1more than 4 prep types",1
"tissue - 1; tissue - 1; tissue - 2; EtOH - 10",1
"tissue - 1; tissue - 1; tissue - 2; EtOH - 104more than 4 prep types",1
"tissue - 1; tissue - 1; tissue - 2; EtOH - 165more than 4 prep types",1
"tissue - 1; tissue - 1; tissue - 2; EtOH - 181more than 4 prep types",1
"tissue - 1; tissue - 1; tissue - 2; EtOH - 22more than 4 prep types",1
"tissue - 1; tissue - 1; tissue - 2; EtOH - 234more than 4 prep types",1
"tissue - 1; tissue - 1; tissue - 2; EtOH - 262more than 4 prep types",1
"tissue - 1; tissue - 1; tissue - 2; EtOH - 28more than 4 prep types",1
"tissue - 1; tissue - 1; tissue - 2; EtOH - 34more than 4 prep types",1
"tissue - 1; tissue - 1; tissue - 2; EtOH - 35",1
"tissue - 1; tissue - 1; tissue - 2; EtOH - 4",1
"tissue - 1; tissue - 1; tissue - 2; EtOH - 40more than 4 prep types",1
"tissue - 1; tissue - 1; tissue - 2; EtOH - 41more than 4 prep types",1
"tissue - 1; tissue - 1; tissue - 2; EtOH - 49more than 4 prep types",1
"tissue - 1; tissue - 1; tissue - 2; EtOH - 50more than 4 prep types",1
"tissue - 1; tissue - 1; tissue - 2; EtOH - 6",1
"tissue - 1; tissue - 1; tissue - 2; EtOH - 60more than 4 prep types",1
"tissue - 1; tissue - 1; tissue - 2; EtOH - 82more than 4 prep types",1
"tissue - 1; tissue - 1; tissue - 2; EtOH - 98more than 4 prep types",1
"tissue - 1; tissue - 1; tissue - 2; EtOH gift - 5more than 4 prep types",1
"tissue - 1; tissue - 1; tissue - 2; photo - 4more than 4 prep types",1
"tissue - 1; tissue - 1; tissue - 3; EtOH - 15",1
"tissue - 1; tissue - 1; tissue - 3; EtOH - 4more than 4 prep types",1
"tissue - 1; tissue - 1; tissue gift - 1; EtOH - 10more than 4 prep types",1
"tissue - 1; tissue - 1; tissue gift - 1; EtOH - 1more than 4 prep types",1
"tissue - 1; tissue - 1; tissue gift - 1; tissue - 2more than 4 prep types",1
"tissue - 1; tissue - 1; tissue no UF voucher - 1; EtOH - 2more than 4 prep types",1
"tissue - 1; tissue - 1; tissue no UF voucher - 1; EtOH - 3more than 4 prep types",1
"tissue - 1; tissue - 1; tissue no UF voucher - 1; tissue no UF voucher - 1more than 4 prep types",1
"tissue - 1; tissue - 2; EtOH - 4",1
"tissue - 1; tissue - 2; EtOH - 64",1
"tissue - 1; tissue gift - 1; EtOH - 1; photo - 10more than 4 prep types",1
"tissue - 1; tissue gift - 1; EtOH - 1; photo - 2",1
"tissue - 1; tissue gift - 1; EtOH - 1; photo - 2more than 4 prep types",1
"tissue - 1; tissue gift - 1; EtOH - 1; tissue - 1more than 4 prep types",1
"tissue - 1; tissue gift - 1; EtOH - 10",1
"tissue - 1; tissue gift - 1; EtOH - 11",1
"tissue - 1; tissue gift - 1; EtOH - 15",1
"tissue - 1; tissue gift - 1; EtOH - 20",1
"tissue - 1; tissue gift - 1; EtOH - 22",1
"tissue - 1; tissue gift - 1; EtOH - 39",1
"tissue - 1; tissue gift - 1; EtOH - 6",1
"tissue - 1; tissue gift - 1; tissue - 1; EtOH - 17more than 4 prep types",1
"tissue - 1; tissue gift - 1; tissue - 1; photo - 2more than 4 prep types",1
"tissue - 1; tissue gift - 1; tissue - 1; tissue gift - 1more than 4 prep types",1
"tissue - 1; tissue no UF voucher - 1; EtOH - 3",1
"tissue - 1; tissue no UF voucher - 1; photo - 1; tissue - 1more than 4 prep types",1
"tissue - 1; tissue no UF voucher - 1; tissue - 1; CT Scan - 1more than 4 prep types",1
"tissue - 1; tissue no UF voucher - 1; tissue - 1; EtOH - 34more than 4 prep types",1
"tissue - 1; tissue no voucher - 1; EtOH - 1",1
"tissue - 1; tissue no voucher - 1; EtOH - 2",1
"tissue - 1; tissue no voucher - 1; tissue - 1; EtOH - 3more than 4 prep types",1
"tissue - 2; EtOH - 10",1
"tissue - 2; EtOH - 11",1
"tissue - 2; EtOH - 17",1
"tissue - 2; EtOH - 2; photo - 8",1
"tissue - 2; EtOH - 4",1
"tissue - 2; EtOH - 7",1
"tissue - 4; EtOH - 4; EtOH - 8",1
"tissue gift - 1; C&S - 13; EtOH - 102",1
"tissue gift - 1; EtOH - 1",1
"tissue gift - 1; EtOH - 1; tissue - 1; tissue - 1more than 4 prep types",1
"tissue gift - 1; EtOH - 28",1
"tissue gift - 1; photo - 1; EtOH - 3",1
"tissue gift - 1; photo - 1; tissue - 1; tissue no UF voucher - 1more than 4 prep types",1
"tissue gift - 1; tissue - 1; EtOH - 1; tissue - 1more than 4 prep types",1
"tissue gift - 1; tissue - 1; EtOH - 14",1
"tissue gift - 1; tissue - 1; EtOH - 24",1
"tissue gift - 1; tissue - 1; EtOH - 3",1
"tissue gift - 1; tissue - 1; EtOH - 47",1
"tissue gift - 1; tissue - 1; EtOH - 7",1
"tissue gift - 1; tissue - 1; EtOH - 8",1
"tissue gift - 1; tissue - 1; EtOH - 9",1
"tissue gift - 1; tissue - 1; photo - 1",1
"tissue gift - 1; tissue - 1; photo - 1; EtOH - 11more than 4 prep types",1
"tissue gift - 1; tissue - 1; photo - 2; EtOH - 8more than 4 prep types",1
"tissue gift - 1; tissue - 1; tissue - 1; EtOH - 13more than 4 prep types",1
"tissue gift - 1; tissue - 1; tissue - 1; EtOH - 18more than 4 prep types",1
"tissue gift - 1; tissue - 1; tissue - 1; EtOH - 21more than 4 prep types",1
"tissue gift - 1; tissue - 1; tissue - 1; EtOH - 28more than 4 prep types",1
"tissue gift - 1; tissue - 1; tissue - 1; EtOH - 4more than 4 prep types",1
"tissue gift - 1; tissue - 1; tissue - 1; EtOH - 7more than 4 prep types",1
"tissue gift - 1; tissue - 1; tissue - 1; EtOH - 89more than 4 prep types",1
"tissue gift - 1; tissue - 1; tissue - 1; EtOH - 9more than 4 prep types",1
"tissue gift - 1; tissue - 1; tissue - 1; photo - 1more than 4 prep types",1
"tissue gift - 1; tissue gift - 1; EtOH - 3",1
"tissue gift - 1; tissue gift - 1; tissue gift - 1; tissue gift - 1more than 4 prep types",1
"tissue no UF voucher - 1; EtOH - 1; tissue no UF voucher - 1",1
"tissue no UF voucher - 1; EtOH - 2",1
"tissue no UF voucher - 1; EtOH - 3",1
"tissue no UF voucher - 1; EtOH - 4",1
"tissue no UF voucher - 1; EtOH - 41",1
"tissue no UF voucher - 1; EtOH - 7",1
"tissue no UF voucher - 1; EtOH - 9",1
"tissue no UF voucher - 1; tissue - 1; EtOH - 1",1
"tissue no UF voucher - 1; tissue - 1; EtOH - 2",1
"tissue no UF voucher - 1; tissue - 1; EtOH - 3",1
"tissue no UF voucher - 1; tissue - 1; EtOH - 4",1
"tissue no UF voucher - 1; tissue - 1; photo - 1; EtOH - 3more than 4 prep types",1
"tissue no UF voucher - 1; tissue - 1; tissue - 1; EtOH - 2more than 4 prep types",1
"tissue no UF voucher - 1; tissue - 1; tissue - 1; EtOH - 3more than 4 prep types",1
"tissue no UF voucher - 1; tissue - 1; tissue - 1; EtOH - 6more than 4 prep types",1
"tissue no UF voucher - 1; tissue - 1; tissue - 1; tissue - 1more than 4 prep types",1
"tissue no UF voucher - 1; tissue - 1; tissue - 1; tissue no UF voucher - 1more than 4 prep types",1
"tissue no UF voucher - 1; tissue gift - 1; EtOH - 3",1
"tissue no UF voucher - 1; tissue no UF voucher - 1; EtOH - 12",1
"tissue no UF voucher - 1; tissue no UF voucher - 1; EtOH - 21",1
"tissue no UF voucher - 1; tissue no UF voucher - 1; EtOH - 3",1
"tissue no UF voucher - 1; tissue no UF voucher - 1; EtOH - 4",1
"tissue no UF voucher - 1; tissue no UF voucher - 1; EtOH - 5",1
"tissue no UF voucher - 1; tissue no UF voucher - 1; EtOH - 6",1
"tissue no UF voucher - 1; tissue no UF voucher - 1; tissue - 1; EtOH - 2more than 4 prep types",1
"tissue no UF voucher - 1; tissue no UF voucher - 1; tissue - 1; EtOH - 3more than 4 prep types",1
"tissue no UF voucher - 1; tissue no UF voucher - 1; tissue no UF voucher - 1; EtOH - 10more than 4 prep types",1
"tissue no UF voucher - 1; tissue no UF voucher - 1; tissue no UF voucher - 1; EtOH - 6more than 4 prep types",1
"tissue no UF voucher - 1; tissue no UF voucher - 1; tissue no UF voucher - 1; tissue gift - 1more than 4 prep types",1
"tissue no voucher - 1; EtOH - 1; tissue - 1; photo - 2",1
"tissue no voucher - 1; photo - 3",1
"tissue no voucher - 1; photo - 4",1
"tissue no voucher - 1; tissue - 1; tissue no voucher - 1; photo - 5more than 4 prep types",1
"tissue no voucher - 1; tissue no voucher - 1",1
"tissue no voucher - 1; tissue no voucher - 1; photo - 4",1
"tissue no voucher - 1; tissue no voucher - 1; tissue no voucher - 1; photo - 3",1
"tissue no voucher - 1; tissue no voucher - 1; tissue no voucher - 1; tissue no voucher - 1more than 4 prep types",1
"tissue no voucher; photo - 2",1
"tissue; EtOH - 1; photo - 1",1
"tissue; EtOH - 1; photo - 7",1
"tissue; EtOH - 3; photo - 3",1
"tissue; tissue; EtOH - 2; photo - 2more than 4 prep types",1
